Text,Mainclass,Subclass
อยากกินกุ้งที่จะมีความหนุบๆ กับน้ำสลัดเทาซันไอส์แลนด์ที่มีความเข้มข้นหอมๆ  แป้งเยอะ ๆ ,พิซซ่า,ค็อกเทลกุ้ง
ผมชอบอาหารที่สามารถทำได้เร็ว มีหน้าตาที่สวยงาม สามารถหยิบกินได้เป็นชิ้น ๆ เน้นเนื้อที่มาจากทะเล,พิซซ่า,ค็อกเทลกุ้ง
ทำจากแป้งมีทั้งหนานุ่ม และบางกรอบเหมาะกับคนที่ชื่นชอบอาหารทะเล ราคาไม่แพงหาซื้อได้ง่าย,พิซซ่า,ค็อกเทลกุ้ง
เนื้อหลักเป็นกุ้งมีรสชาติที่จัดจ้านจากซอสมีต้นฉบับมาจากอิตาลี ,พิซซ่า,ค็อกเทลกุ้ง
อาหารที่มีลักษณะกลม ๆ สามารถแบ่งเป็นชิ้นได้กินกับเพื่อนก็ได้ กินคนเดียวก็ดี ส่วนผสมหลักเป็นแป้งกับกุ้ง,พิซซ่า,ค็อกเทลกุ้ง
ส่งมาในรูปแบบกล่อง กินร้อน ๆ กุ้งเยอะ ๆ แต่มีแคลลอรี่ที่มาก,พิซซ่า,ค็อกเทลกุ้ง
พิซซ่าหน้ากุ้งที่มีรสชาติดี ทำจากแป้งเป็นหลัก สามารถทานได้หลายคน,พิซซ่า,ค็อกเทลกุ้ง
อาหารที่เป็นแป้ง แต่ก็มีผัก มะเขือเทศ เห็ดที่ถูกนำมาผสมกันอย่างลงตัวปิดท้ายด้วยกุ้งสด ๆ ,พิซซ่า,ค็อกเทลกุ้ง
อาหารที่สามารถกินได้ทุกที่ ให้คาร์โบไฮเดรตเป็นหลัก มีที่มาจากอิตาลี มีหน้าเป็นกุ้งและซอส,พิซซ่า,ค็อกเทลกุ้ง
อาหารที่สามารถกินได้ตอนอยากฉลองกับเพื่อน หรือมีคนกินด้วยเยอะ ๆ และมีคนชอบอาหารทะเล,พิซซ่า,ค็อกเทลกุ้ง
ฉันอยากกินอาหารประเภทแป้ง ที่มาจากต่างประเทศ มีกุ้งเยอะ ๆ แต่ก็มีเห็ดและสับปะรดด้วย,พิซซ่า,ค็อกเทลกุ้ง
เน้นแป้งหรือคาร์โบไฮเดรต ไม่จำเป็นต้องกินกับซอส กัดไปแล้วเหนียว ๆ รสเค็มกินแล้วหิวน้ำ,พิซซ่า,ค็อกเทลกุ้ง
อยากกินอาหารประเภทแป้ง มีส่วนประกอบเป็นอาหารทะเลเช่น กุ้งหรือหอย มีผักหรือไม่มีก็ได้ มีรสชาติติดหวานกำลังดี ไม่เอาอาหารไทย,พิซซ่า,ค็อกเทลกุ้ง
อาหารที่มีผิวสัมผัสกรอบๆ มีรสชาติหวานมันและเค็ม มีผลไม้หรือเนื้อสัตว์เป็นส่วนประกอบ มีชีสด้วยก็ดี เป็นอาหารจานร้อน กินง่ายๆ ,พิซซ่า,ค็อกเทลกุ้ง
อยากกินพิซซ่าหน้าซีฟู๊ด มีพวกมะเขือเทศ เห็ด หรือสัปปะรด ชีสเยิ้มๆ หวานมันกำลังดี,พิซซ่า,ค็อกเทลกุ้ง
ร่างกายต้องการมอสซาเรลล่าชีส กินตอนร้อนๆ หรือพึ่งอบใหม่ๆ มีเห็ดหรือกุ้งจะดีมาก ขอมะเขือเทศน้อยๆ และเป็นอาหารที่กรอบนอกนุ่มใน,พิซซ่า,ค็อกเทลกุ้ง
อยากกินกุ้ง เห็ด มะเขือเทศ สัปปะรด ขอเป็นอาหารแป้งๆ ร้อนๆ และกินง่ายๆ ใช้มือกินได้ เป็นอาหารต่างประเทศด้วย,พิซซ่า,ค็อกเทลกุ้ง
ค็อกเทลกุ้ง ที่มีกุ้ง หอย เห็ด สัปปะรด มะเขือเทศ มีมอสซาเรลล่าชีสด้วย,พิซซ่า,ค็อกเทลกุ้ง
อาหารที่ี่กินง่าย มีความนุ่ม กินตอนร้อนๆ จะอร่อยที่สุด มีชีสยืดๆ รสชาติเค็มปนหวาน มีซีฟู๊ดเป็นส่วนประกอบ มีเห็ดนิดหน่อย,พิซซ่า,ค็อกเทลกุ้ง
อยากกินแป้งร้อนๆ จะกรอบหรือนุ่มก็ได้ มีเห็ดเเละกุ้งเยอะๆ อยากได้รสชาติอิตาลีแท้ๆ หน้าตากลมแบน เป็นอาหารเด็กอ้วนก็ได้,พิซซ่า,ค็อกเทลกุ้ง
อยากได้อาหารเพิ่มแคลอรี่ อุณหภูมิร้อนๆ เช่น ผ่านกระบวนการอบมา ชอบกินกุ้ง ไม่ชอบผัก เเต่เห็ดกินได้ ราดชีสหรือซอสมะเขือเทศก็ได้,พิซซ่า,ค็อกเทลกุ้ง
อยากทานอาหารแป้งรูปวงกลมที่ถูกนวดแล้วนำไปอบ มีซอสราดและชีส แต่งหน้าด้วยสัประรด กุ้ง ที่มีรสชาติอร่อย มีต้นตำรับมาจากอิตาลี,พิซซ่า,ค็อกเทลกุ้ง
เป็นอาหารต่างประเทศ มีรสชาติหวานและเค็มตามส่วนผสม เช่น ชีส หรือ กุ้งสด กินได้ทุกมื้อ มีจำนวนมากพอแบ่งให้ในครอบครัวได้ แต่จะเลี่ยนเมื่อกินบ่อย,พิซซ่า,ค็อกเทลกุ้ง
อยากทานอาหารที่อบในเตา มีขนาดและรูปร่างเหมือนถาด เป็นขนมปังรูปวงกลม มีความหนา นุ่ม ทาซอสมะเขือเทศ และโรยชีสกับกุ้งสด,พิซซ่า,ค็อกเทลกุ้ง
อยากกิน เมนูอาหารที่มีลักษณะเป็นรูปแผ่นแบบวงกลมที่ประกอบไปด้วยแป้งที่นุ่มละเอียดบนส่วนประกอบหน้าผิว และมีความรู้สึกเหมือนมีเนื้อกุ้งอยู่ในปาก,พิซซ่า,ค็อกเทลกุ้ง
"อาหารที่มีชีสเป็นส่วนประกอบ ที่กินคู่กับแป้งกรอบและมีกุ้ง,เห็ด,สับปะรด,และพมะเขือเทศวางโปะไว้ข้างบน",พิซซ่า,ค็อกเทลกุ้ง
ต้องการรสชาติที่มาจากประเทศไอส์แลนด์และรสชาติที่กินเข้าไปมีความเปรี้ยวผสมอยู่และได้กลิ่นทะเลอยู่ด้วย,พิซซ่า,ค็อกเทลกุ้ง
อาหารที่เป็นแป้งที่มีคุณค่าทางโภชนาการที่สูงเนื่องจากมีไขมันและคาร์โบไฮเดรต ทะเลที่มีแหล่งของโปรตีนและวิตามินบี,พิซซ่า,ค็อกเทลกุ้ง
ถ้าเรามีแป้งที่เหลืออยู่ที่บ้าน เราอยากทำอาหารที่มีแป้งเป็นส่วนผสมแล้วเราสนใจซื้อกุ้งกับสับปะรดกลับมาทำอาหาร,พิซซ่า,ค็อกเทลกุ้ง
เป็นหน้าพิซซ่าที่มีคนสั่งเยอะที่สุดเมื่อไม่รู้จะสั่งหน้าอะไรดี,พิซซ่า,ค็อกเทลกุ้ง
ถ้าวันนี้เราเกิดความรู้สึกอยากกินพิซซ่าที่มีส่วนของทะเลผสมอยู่และต้องการคาร์โบไฮเดรตในปริมาณที่มาก,พิซซ่า,ค็อกเทลกุ้ง
พิซซ่าที่ชื่อเป็นส่วนผสมของเหล้าอยู่ด้วยอย่างค็อกเทล,พิซซ่า,ค็อกเทลกุ้ง
"พิซซ่าที่มีการผสมผสานกันอย่างลงตัวระหว่างผัก,ผลไม้,และเนื้อที่ให้สารอาหารครบทุกประเภท",พิซซ่า,ค็อกเทลกุ้ง
เอาพิซซ่าหน้าอะไรก็ได้มาให้ผม 1 ที่ที่ทำให้ผมกินแล้วรู้สึกดีและสดชื่นและได้ความรู้สึกเหมือนอยู่ที่ทะเล,พิซซ่า,ค็อกเทลกุ้ง
"ถ้าเพื่อนผมไม่อยากกินเนื้อจะมีพิซซ่าอะไรแนะนำให้โดยมีสารอาหารประเภทไขมันและคาร์โบไฮเดรต,โปรตีนและวิตามินบี",พิซซ่า,ค็อกเทลกุ้ง
เบื่ออาหารทุกอย่างแล้วเอาอะไรก็ได้ในร้านมาให้กินหน่อยที่มีสารอาหารครบทุกอย่าง,พิซซ่า,ค็อกเทลกุ้ง
อยากหาอะไรกินในงานปาร์ตี้ซักอย่างที่ที่มีกุ้งมีชีส,พิซซ่า,ค็อกเทลกุ้ง
พิซซ่าที่มีกุ้ง เห็ด  สับปะรด มันชื่อว่าพิซซ่าอะไร,พิซซ่า,ค็อกเทลกุ้ง
อาหารเป็นแป้งกลมๆ ใส่กุ้ง แบ่งกินกับคนอื่นได้,พิซซ่า,ค็อกเทลกุ้ง
อยากกินอาหารที่ทำมาจากแป้ง มีหน้ากุ้ง รสเปรี้ยวอ่อน หวานกลมกล่อม,พิซซ่า,ค็อกเทลกุ้ง
อยากพิซซ่าที่ใส่ซอสเทาซันไอส์แลนด์ ,พิซซ่า,ค็อกเทลกุ้ง
อาหารที่ใช้เตาอบ มีแป้งเป็นฐาน ใส่กุ้ง ใส่เห็ด ใส่สัปปะรด,พิซซ่า,ค็อกเทลกุ้ง
อยากกินอะไรที่มีกุ้งสามารถกินได้ง่ายไม่ต้องใช้ช้อนส้อม,พิซซ่า,ค็อกเทลกุ้ง
อาหารที่มาจากต่างประเทศมีการผสมรสชาติของกุ้งและผลไม้ที่ลงตัว,พิซซ่า,ค็อกเทลกุ้ง
อยากกินกุ้งเยอะๆ ชีสแน่นๆ มีรสเปรียวตัดเรื่องสุขภาพไม่ต้องสนใจ,พิซซ่า,ค็อกเทลกุ้ง
แนะนำที่ใช้การอบ ที่มีการใส่กุ้ง ชีส สัปปะรด มะเขือเทศ,พิซซ่า,ค็อกเทลกุ้ง
อาหารเก่าแก้ที่มีต้นกำเนิดจากอิตาลีมีกุ้ง และสัปปะรดเป็นส่วนผสม,พิซซ่า,ค็อกเทลกุ้ง
อยากกินอะไรคล้ายๆ ขนมปังอบ มีกุ้ง มีชีส,พิซซ่า,ค็อกเทลกุ้ง
อยากกินเนื้อกับแป้งเยอะ ๆ จะไขมัน โปรตีนหรือคาร์โบไฮเดรต ก็เอามาให้หมด ไม่เกี่ยงอยู่แล้ว,พิซซ่า,มีทเดอลุกซ์
อยากกินอะไรที่มันง่าย ๆ สั่งแล้วสามารถทำเสร็จได้ไม่นาน เน้นเนื้อกับซอสให้ชีวิตมีรสชาติ,พิซซ่า,มีทเดอลุกซ์
เป็นแป้งที่สามารถกัดได้แล้วเหนียวหรือกรอปขึ้นอยู่กับรูปแบบที่ต้องการอีกทั้งยังมีเนื่อหลายชนิดไม่ว่าจะเป็น แฮม ไส้กรอก เป๊ปเปอโรนี หรือหมู,พิซซ่า,มีทเดอลุกซ์
อยากกินอาหารต่างประเทศ ขอแบบกินที่เดียวอิ่มแน่ ๆ และสามารถเอาไปแบ่งให้เพื่อนได้ ที่สำคัญต้องมีเนื่อสัตว์ด้วยนะ,พิซซ่า,มีทเดอลุกซ์
รสชาติจัดจ้าน เน้นกินกับซอส มีที่มาจากอิตาลี รูปร่างเป็นกลม ๆ ที่มีเนื้่อเหนียว ๆ หรือกรอบ ๆ ก็ได้ ให้ไขมันที่เยอะ,พิซซ่า,มีทเดอลุกซ์
พิซซ่าหน้าเนื้อ เน้นไขมัน ไม่จำเป็นต้องใส่ซอส สามารถหยิบทานได้ง่ายและสะดวก,พิซซ่า,มีทเดอลุกซ์
แป้งเนื้อซอสเป็นรสชาติที่ชีวิตขาดไม่ได้ มาจากต่างประเทศ ไม่มีผักกินแล้วรู้สึกดีแต่ก็สามารถทำให้หิวน้ำได้,พิซซ่า,มีทเดอลุกซ์
คาร์โบไฮเดรตที่ทำได้ง่าย เร็ว ๆ มีแฮม กินแล้วกรอบ ๆ พอดีคำสามารถกินได้หลายคน,พิซซ่า,มีทเดอลุกซ์
ฉันอยากกินอะไรที่มันง่าย ๆ ให้พลังงานเยอะ มีรสชาติเค็ม มีซอส ลักษณะกลม ๆ ,พิซซ่า,มีทเดอลุกซ์
อะไรก็ได้ที่เป็นเนื้อและมีแป้งเยอะ ๆ ไม่มีผัก ราคาไม่แพงสามารถสั่งได้ง่าย,พิซซ่า,มีทเดอลุกซ์
ของขึ้นชื่อของอิตาลี ประกอบไปด้วยแป้งและซอสเป็นหลัก มีเนื้อเป็นหน้ารสชาติเค็ม ๆ ,พิซซ่า,มีทเดอลุกซ์
เหมาะกับคนที่ชื่นชอบเนื้อ ให้พลังงานมาก มีแป้งเป็นหลัง ลักษะกลมหรือสี่เหลี่ยม,พิซซ่า,มีทเดอลุกซ์
อยากกินเบคอน แฮม หรือเป๊ปเปอโรนี เป็นอาหารจำพวกแป้ง อบร้อนๆ ชีสเยอะๆ ไม่มีผัก เป็นอาหารต่างประเทศ มีไส้กรอกรมควันด้วย,พิซซ่า,มีทเดอลุกซ์
กินง่าย มีความเป็นแป้งกรอบๆ รสชาติเค็มปนหวาน มีพวกเนื้อเป็นส่วนประกอบหลัก เช่น เบคอน อาหารดังของอิตาลี,พิซซ่า,มีทเดอลุกซ์
รสชาติเค็มๆ ของเป๊ปเปอโรนี ผิวสัมผัสหนานุ่ม ถูกราดซอสมะเขือเทศและชีส อาหารจำพวกแป้งที่ผ่านกระบวนการอบหรือนึ่งมาก็ได้,พิซซ่า,มีทเดอลุกซ์
อยากกินไส้กรอกอิตาเลียนที่ถูกวางไว้อยู่บนแป้งร้อนๆ กินคู่กับชีสและแฮม มีแคลอรี่ที่สูง กินเยอะแล้วเสี่ยงเป็นเบาหวาน เป็นอาหารต่างชาติ,พิซซ่า,มีทเดอลุกซ์
อยากได้อาหารเพิ่มแคลอรี่ อุณหภูมิร้อนๆ เช่น ผ่านกระบวนการอบมา ชอบกินไส้กรอก ใส่พวกแฮมเพิ่มได้ ราดชีสหรือซอสมะเขือเทศที่มีความหวานปนเค็ม,พิซซ่า,มีทเดอลุกซ์
เนื้อร้อนๆ บนแป้งพิซซ่า โรยด้วยชีส เป็นของที่สามารถหาซื้อได้ทั่วไปในต่างประเทศ โดยเฉพาะกับอิตาลี,พิซซ่า,มีทเดอลุกซ์
แป้งรูปทรงวงกลม ที่ถูกทำการนวด ทาซอสมะเขือเทศ ชีส และโรยด้วยแฮม เบคอน เป็ปเปอโรนี และไส้กรอก แล้วนำเข้าไปอบในเตาอบ,พิซซ่า,มีทเดอลุกซ์
อาหารขยะ ยิ่งกินยิ่งเลี่ยน แป้งกรอบเน้นๆ มีพวกแฮมและเบคอนเยอะๆ ไม่เหมาะกับผู้เป็นโรคน้ำตาลในเลือดสูง หรือโรคที่เกี่ยวกับไขมัน,พิซซ่า,มีทเดอลุกซ์
รสชาติของเนื้อหลากหลายประเภท เช่น เป๊ปเปอโรนี หรือไส้กรอก ที่ผสมปนกันอยู่ในอาหารจานเดียวกัน โดยไม่มีผักผสม มีปริมาณแป้งและชีสเยอะ,พิซซ่า,มีทเดอลุกซ์
ไม่รู้จะกินอะไรดี ขอเป็นมีวัตถุดิบจำพวกเนื้อเยอะๆ เช่น แฮม และขอเป็นอาหารจำพวกแป้ง มีความเค็มจากชีส กินง่ายๆ หยิบกินได้,พิซซ่า,มีทเดอลุกซ์
อยากกินพิซซ่าที่มีแต่เนื้อเยอะๆ ลืมชื่อไปแล้ว มีชีส ขอบแป้งที่กรอบๆ ไส้กรอกด้วย,พิซซ่า,มีทเดอลุกซ์
อยากกินแฮม มีแป้งบางกรอบ มีไส้กรอกรมควันเยอะๆ ไม่มีผัก อยากได้โปรตีนและไขมันเยอะๆ ,พิซซ่า,มีทเดอลุกซ์
อยากกินพิซซ่าที่มีเครื่องเทศที่มีลักษณะเด่นคือมีรสชาติเค็มและหอมและมีเนื้อสัตว์ด้วย,พิซซ่า,มีทเดอลุกซ์
เป็นหน้าพิซซ่าที่มีคนสั่งเยอะที่สุดเมื่อไม่รู้จะสั่งหน้าอะไรดีแต่ที่สำคัญต้องมีเนื้อสัตว์เป็นส่วนผสม,พิซซ่า,มีทเดอลุกซ์
อยากกินพิซซ่าที่ไม่มีส่วนผสมของผักและผลไม้ผสมอยู่ด้วยมีแต่เนื้ออย่างเดียว,พิซซ่า,มีทเดอลุกซ์
มีแฮมกับเบคอนเหลือในตู้เย็นแล้ววันอยากทำพิซซ่ากินแต่ไม่รู้จะทำหน้าอะไรดีน้า,พิซซ่า,มีทเดอลุกซ์
พิซซ่าที่มีเนื้อสัตว์เป็นวัตถุดิบหลักและผสมไปด้วยซอสพิซซ่าที่ทำให้อร่อยขึ้น,พิซซ่า,มีทเดอลุกซ์
พิซซ่าที่มีเป็ปเปอโรนีเยอะๆ และสามารถตกแต่งเนื้ออื่นๆเข้าไปในพิซซ่าหน้านี้ได้ด้วย,พิซซ่า,มีทเดอลุกซ์
พิซซ่าที่มีเบคอนแผ่นเยอะๆ และสามารถตกแต่งเนื้ออื่นๆเข้าไปในพิซซ่าหน้านี้ได้ด้วย,พิซซ่า,มีทเดอลุกซ์
พิซซ่าที่มีแฮมแผ่นเยอะๆ และสามารถตกแต่งเนื้ออื่นๆเข้าไปในพิซซ่าหน้านี้ได้ด้วย,พิซซ่า,มีทเดอลุกซ์
ในประเทศอิตาลีจะมีพิซซ่าขึ้นชื่อของเมืองอยู่ที่ให้โปรตีนสูงเหมาะกับสภาพอากาศที่ประเทศ,พิซซ่า,มีทเดอลุกซ์
พิซซ่าที่มีความเอกลักษณะเป็นของตัวเองโดยจะมีหน้าตาเหมือนการนำเนื้อสัตว์หลายประเภทมารวมกันเป็นหน้าเดียวกัน,พิซซ่า,มีทเดอลุกซ์
ออกกำลังกายมาเหนื่อยๆต้องการหาโปรตีนเข้าร่างกายและอยากกินพร้อมกับแป้งพิซซ่าด้วย,พิซซ่า,มีทเดอลุกซ์
ซอสของพิซซ่ากินกับหน้าไหนเข้ากันดีที่สุดโดยให้ความรู้สึกเหมือนกินเนื้อต่างๆ,พิซซ่า,มีทเดอลุกซ์
อยากเนื้อ ชีส แป้งเป็นหลักไม่เอาผัก,พิซซ่า,มีทเดอลุกซ์
ต้องการอะไรที่กินง่ายๆ ไม่ต้องเตรียมของมากเน้นเนื้อไม่เน้นผัก,พิซซ่า,มีทเดอลุกซ์
แนะนำฉันหน่อยฉันอยากกินพวก แฮม เบค่อน ไส้กรอกมีอาหารอะไรที่แนะนำมั้ย,พิซซ่า,มีทเดอลุกซ์
อาหารที่มาจากต่างประเทศมีการใช้แป้งกับ เนื้อสัตว์แปรรูปเป็นหลัก,พิซซ่า,มีทเดอลุกซ์
อยากกินแป้งกรอบๆ นุ่มๆ ที่ใส่แฮม ใส่เบค่อน,พิซซ่า,มีทเดอลุกซ์
อยากกินอะไรที่มันเร็วๆ เน้นเนื้อกับซอสเป็นหลัก,พิซซ่า,มีทเดอลุกซ์
อาหารแบนๆ กลมๆ มีเนื้ิอ มีแฮม มีชีส,พิซซ่า,มีทเดอลุกซ์
อยากสั่งอาหารมากินกับเพื่อนขอชีส เบค่อน แฮม แน่นๆ,พิซซ่า,มีทเดอลุกซ์
เมนูที่มีเป็ปเปอโรนี แฮม ชีสเยอะๆ กินง่ายๆ ไม่ต้องใช้ช้อนส้อม,พิซซ่า,มีทเดอลุกซ์
จัดส่งในรูปแบบกล่อง กินร้อนๆ เนื้อเยอะๆ แต่ไม่ค่อยดีกับสุขภาพ,พิซซ่า,มีทเดอลุกซ์
อยากกินอะไรก็ได้ที่ไม่มีผัก มีแต่เนื้อ เป็นเมนูที่ไม่กินแล้วไม่ต้องล้างจานช้อนส้อมจะดีมาก ,พิซซ่า,มีทเดอลุกซ์
พิซซ่าที่มีเป็ปเปอโรนี แฮม เบค่อน ไส้กรอกรวมๆ กันมันชื่อว่าพิซซ่าอะไร,พิซซ่า,มีทเดอลุกซ์
พิซซ่าที่คนรักสุขภาพน่าจะสนใจเหมาะกับคนที่กลัวอ้วนแป้งเยอะ ๆ เส้นใยผักวิตามิน ส่วนประกอบเป็นเห็ดและผักกลีบ,พิซซ่า,เห็ดและมะเขือเทศ
รสชาติผักที่เน้นมะเขือเทศเป็นอาหารมีแต่ผักมะเขือเทศเต็มคำสัมผัสถึงชิ้นเห็ดและเส้นใยผักราดซอสมะเขือเทศเยิ้ม มีคาร์โบไฮเดรต,พิซซ่า,เห็ดและมะเขือเทศ
มีรสชาติที่อร่อย กินแล้วฉ่ำ ๆ รู้สึกแปลกมีความเละลักษณะเป็นก่อน ๆ สามารถทำได้โดยการอบร่อนแป้งและโรสซีส,พิซซ่า,เห็ดและมะเขือเทศ
คิดอะไรไม่ออกแล้ว แต่ก็อยากกินผักให้ชีวิตได้รับวิตามินบ้าง แต่ก็ต้องมีแป้งด้วยนะ,พิซซ่า,เห็ดและมะเขือเทศ
มีเวลาไม่มากแล้ว ต้องรีบเตรียมของที่ง่าย ๆ สามารถแบ่งกับเพื่อนได้ มีเห็ดและมะเขือเทศ หอมใหญ่เป็นส่วนประกอบ,พิซซ่า,เห็ดและมะเขือเทศ
เน้นแป้งเป็นหลัก แต่มีวิตามิน ไม่มีเนื้อเหมาะกับคนที่อยากกินพิซซ่าแต่ก็อยากรักษาสุขภาพด้วย,พิซซ่า,เห็ดและมะเขือเทศ
อาหารที่เน้นทานง่าย มีลักษณะเป็นวงกลมประกอบไปด้วยผักเห็ดและมะเขือเทศ มีวิตามินเยอะ,พิซซ่า,เห็ดและมะเขือเทศ
พิซซ่าสำหรับคนที่อยากได้วิตามินเพิ่มเติมและไม่ชอบกินเนื้อ ส่วนประกอบหลักคือแป้ง,พิซซ่า,เห็ดและมะเขือเทศ
อาหารจ่านด่วน สำหรับคนที่ชอบกินผักมีรสชาติทั้งขมและหวานของผักเป็นจุดเด่น,พิซซ่า,เห็ดและมะเขือเทศ
คาร์โบไฮเดรตที่ทำได้ง่ายมีวิตามิน มีสีเขียวจากผัก และมีความฉ่ำของมะเขือ,พิซซ่า,เห็ดและมะเขือเทศ
อาหารประเภทแป้งสำหรับคนที่รักสุขภาพ ที่อยากกินพิซซ่า มีวิธีการอบที่เป็นเอกลักษณ์,พิซซ่า,เห็ดและมะเขือเทศ
อาหารจากอิตาลี มีความกลมและกรอบ มีความหวานเหมาะกับการกินเลี้ยงฉลองกับคนอื่น,พิซซ่า,เห็ดและมะเขือเทศ
อยากกินเห็ด มะเขือเทศ หอมใหญ่ พริกหวาน กินคู่กับชีสหรือซอสมะเขือเทศ บนแป้งร้อนๆ รูปร่างกลมๆ ที่ผ่านการอบมาใหม่ๆ,พิซซ่า,เห็ดและมะเขือเทศ
พิซซ่าที่มีรสชาติเผ็ดปนหวานเล็กน้อยจากพริกหวาน ราดด้วยชีสเยิ้มๆ บนแป้งที่กรอบนอกนุ่มใน ผสมกับเห็ดและหอมใหญ่สับชิ้นเล็กๆ ,พิซซ่า,เห็ดและมะเขือเทศ
กินง่าย มีความเป็นแป้งกรอบๆ รสชาติเผ็ดปนหวาน มีพวกพืชหัว เช่น หอมใหญ่ พริกหวาน เป็นส่วนประกอบหลัก คล้ายๆ กับอาหารของอิตาลี,พิซซ่า,เห็ดและมะเขือเทศ
อยากกินแป้งร้อนๆ จะกรอบหรือนุ่มก็ได้ มีมะเขือเทศเยอะๆ อยากได้รสชาติอิตาลีแท้ๆ หน้าตากลมแบน เป็นอาหารสำหรับผู้ที่ต้องการเพิ่มไขมัน ไม่เหมาะกับผู้ที่น้ำหนักเยอะ,พิซซ่า,เห็ดและมะเขือเทศ
มีความหวานและไขมันสูงจากชีสที่มีปริมาณมาก มีวัตถุดิบที่ตัดเลี่ยน เช่น หอมใหญ่ พริกหวาน ทำให้สามารถกินได้เรื่อยๆ มีส่วนผสมหลักเป็นเห็ดและมะเขือเทศ,พิซซ่า,เห็ดและมะเขือเทศ
เมนูคลาสสิคที่ผสมความหอมของเห็ดและความสดชื่นของมะเขือเทศได้อย่างลงตัว บนแป้งกรอบนอกนุ่มใน รสชาติเผ็ดปนหวานกำลังดีจากพริกหวาน,พิซซ่า,เห็ดและมะเขือเทศ
เป็นเมนูที่สามารถเลือกใช้เห็ดชนิดต่างๆ เช่น เห็ดหอม เห็ดฟาง เห็ดนางฟ้า ขึ้นอยู่กับความชอบส่วนตัว กินคู่กับแป้งและชีสที่ถูกอบด้วยความร้อนสูง,พิซซ่า,เห็ดและมะเขือเทศ
อยากกินมะเขือเทศสดที่ให้ความสดชื่นและความเปรี้ยวหวาน กินคู่กับเห็ดและพริกหวาน มีความเป็นแป้ง กินแล้วนึกถึงคนอิตาลี,พิซซ่า,เห็ดและมะเขือเทศ
อยากกินแป้งแต่ก็ยังรักษาสุขภาพ เน้นเห็ดเยอะๆ มะเขีอเทศก็เป็นตัวเลือกที่ดี อยากได้ความสดชื่น ติดหวานนิดๆ ,พิซซ่า,เห็ดและมะเขือเทศ
ต้องการกินพิซซ่าที่กินแล้วขับถ่ายง่ายมีสารอาหารและไฟเบอร์ในพิซซ่า ,พิซซ่า,เห็ดและมะเขือเทศ
เห็นในทีวีมีพิซซ่าที่หน้าสีแดงปี้ดมีลักษณะเป็นวงกลมสลับกับสีขาวมีลักษณะเป็นรูปตัวที,พิซซ่า,เห็ดและมะเขือเทศ
พิซซ่าสำหรับคนที่อยากได้วิตามินเพิ่มเติมและไม่ชอบกินเนื้อ ส่วนประกอบหลักคือแป้ง ทำให้สามารถกินได้เรื่อยๆ มีส่วนผสมหลักเป็นเห็ดและมะเขือเทศ,พิซซ่า,เห็ดและมะเขือเทศ
อยากกินพิซซ่าที่มีส่วนผสมของผักและผลไม้ผสมอยู่ด้วยและไม่มีเนื้อ,พิซซ่า,เห็ดและมะเขือเทศ
ในตู้เย็นมีแต่ผักแล้ววันอยากกินพิซซ่าจะทำพิซซ่าที่ส่วนผสมหลักเป็นผัก,พิซซ่า,เห็ดและมะเขือเทศ
ถ้าต้องการทำพิซซ่าที่มีแต่ผักแต่ให้รสชาติรสชาติเปรี้ยวหวาน โดยมีความกรอบและสดชื่นจากผัก,พิซซ่า,เห็ดและมะเขือเทศ
ถ้าต้องการทำพิซซ่าที่มีแต่ผักแต่ให้ความรู้สึกกรอบและหอม รสชาติที่มันมีคือรสเปรี้ยวเล็กน้อยและรสเผ็ดเล็กน้อย  ,พิซซ่า,เห็ดและมะเขือเทศ
ต้องการกินพิซซ่าที่ขับถ่ายง่ายมีสารอาหารและไฟเบอร์ในพิซซ่า,พิซซ่า,เห็ดและมะเขือเทศ
ถ้าต้องการทำพิซซ่าที่ส่วนใหญ่จะมีลักษณะเด่นคือมีเนื้อฟูนุ่มเหมือนไข่มุก และมีรสชาติเข้ากันได้กับชีสในพิซซ่า โดยมีความกรอบและสดชื่น,พิซซ่า,เห็ดและมะเขือเทศ
ถ้าฉันเป็นมังสวิรัติแล้วต้องการจะกินพิซซ่าหน้าไหนดี,พิซซ่า,เห็ดและมะเขือเทศ
พิซซ่าที่มีสีเขียวเยอะ มีลักษณะเป็นวงกลมสลับกับสีขาวจากผักต่าง ๆ ,พิซซ่า,เห็ดและมะเขือเทศ
พิซซ่าที่เน้นสุขภาพของคนกินและยังให้พลังงานคนกินอีกด้วย,พิซซ่า,เห็ดและมะเขือเทศ
คนที่อิตาลีหลังจากที่ได้ทำพิซซ่าเนื้ออย่างเดียวออกมาแล้วจึงเกิดไอเดียทำผักออกมาอย่างเดียวบ้างคือพิซซ่าอะไร,พิซซ่า,เห็ดและมะเขือเทศ
ถ้านึกถึงพิซซ่าที่สามมรถช่วยรักษาโรคต่างๆ และยังให้วิตามินที่สูงอีกด้วย,พิซซ่า,เห็ดและมะเขือเทศ
อยากกินพิซซ่าที่ไม่หนักท้องมากและยังช่วยให้ระบบการทำงานของลำไส้ไม่ทำงนหนักเกินไป,พิซซ่า,เห็ดและมะเขือเทศ
อยากกินพิซซ่าที่ไม่ใส่เนื้อสัตว์ แต่มีผักเยอะ ๆ สามารถโทรสั่งได้,พิซซ่า,เห็ดและมะเขือเทศ
อยากกินเห็ดกับมะเขือเทศเยอะๆ มีเมนูอะไรแนะนำมั้ย,พิซซ่า,เห็ดและมะเขือเทศ
อยากกินพิซซ่าที่ไม่ใส่เนื้อสัตว์ เน้นเอาที่มีวิตามินให้มีประโยชน์ต่อร่างกาย,พิซซ่า,เห็ดและมะเขือเทศ
อยากได้อะไรก็ได้ที่มีผักเยอะหน่อยแต่ไม่อยากทำความสะอาดหลังกินเสร็จ,พิซซ่า,เห็ดและมะเขือเทศ
ฉันอยากกินมะเขือเทศเยอะๆ มีอาหารอะไรแนะนำฉันมั้ย,พิซซ่า,เห็ดและมะเขือเทศ
อาหารที่ใช้การอบเพื่อให้ส่วนผสมสุก มีสวนประกอบเป็นเห็ด และมะเขือเทศ,พิซซ่า,เห็ดและมะเขือเทศ
อยากกินพิซซ่าที่่ไม่ค่อยเลี่ยนเท่าไหร่,พิซซ่า,เห็ดและมะเขือเทศ
เมนูสำหรับชอบกินผักกินมะเขือเทศ หัวหอม ผักโขม พริกหวาน,พิซซ่า,เห็ดและมะเขือเทศ
อยากกินพิซซ่าที่ดีไม่ทำให้สุขภาพเสีย,พิซซ่า,เห็ดและมะเขือเทศ
อยากได้เมนูอาหารสำหรับงานปาร์ตี้ของคนไม่กินเนื้อสัตว์,พิซซ่า,เห็ดและมะเขือเทศ
ไม่ค่อยชอบพิซซ่าที่ใส่เนื้อสัตว์เท่าไหร่เพราะกินแล้วรู้สึกเลี่ยนมีพิซซ่าหน้าไหนแนะนำให้มั้ย,พิซซ่า,เห็ดและมะเขือเทศ
อยากกินพิซซ่าที่ให้ความรู้สึกสดชื่นเวลากินหน่อยช่วยแนะนำฉันที,พิซซ่า,เห็ดและมะเขือเทศ
อาหารมีโปรตีนและโซเดียมจากเนื้อสัตว์แปรรูป เนื้อสัตว์แปรรูป ชีสหลากหลายชนิด กินได้หลายคนราคาไม่แพงสามารถสั่งได้ง่าย,พิซซ่า,ดิปเปอร์
แป้งสี่หลี่ยมราดชีสเต็มแผ่น โรยเนื้อสัตว์แปรรูปไม่เหมาะกับคนที่รักสุขภาพเท่าไหร่,พิซซ่า,ดิปเปอร์
อาหารที่มีรสชาติเค็มๆของชีสกับความหวานของเนื้อ มีความเยิ้มซอสเยอะ ๆ หลากหลายรส แป้งบางกรอบ เนื้อสัตว์นุ่มๆเป็นชิ้นๆ,พิซซ่า,ดิปเปอร์
อาหารสำหรับคนที่ชอบชีสเย้มๆ หอมๆ และความยืด อาหารที่สามารถทานได้ง่ายโดยใช้มือ เป็นอาหารที่มาจากอิตาลี่มีรสชาติเค็มของเนื้อ,พิซซ่า,ดิปเปอร์
เป็นอาหารที่สามารถทำได้โดยการอบมีไขมันจากซีส มีไส้กรอกหมู เบคอนสามารถทำได้เสร็จเร็วภายใน 30 นาที,พิซซ่า,ดิปเปอร์
พิซซ่าที่มีความหลากหลายมาก มีทั้งเนื้อและซีสเหมาะกับการกินหลายคน รสชาติเค็ม,พิซซ่า,ดิปเปอร์
มีรูปร่างสี่เหลี่ยมมีเนื้อ มีแฮมมีแปงมีรสชาติที่หลากหลายไม่ว่าจะเค็มหรือมีความมันของซีส ราคาถูกแต่มีไขมันกับคาร์โบไฮเดรตเยอะ,พิซซ่า,ดิปเปอร์
พิซซ่าที่ขอบกรอบมาก แถมซอสที่หลากหลาย ราคาค่อนข้างแพงแถมขายอยู่ในช่วงเวลาที่จำกัด ทำให้หาซื้อได้ยาก,พิซซ่า,ดิปเปอร์
อาหารที่เป็นแป้งมีลักษะเป็นสีเหลี่ยมมีขนาดใหญ่มาก ขอบกรอบ ๆ มีซอสหลายรส,พิซซ่า,ดิปเปอร์
ให้พลังงานมากอาจจะทำให้อ้วนได้ถ้ากินบ่อย ๆ  เป็นหน้าที่มีความหลากหลายสามารถนำมากินกับซอสได้เยอะ,พิซซ่า,ดิปเปอร์
พิซซ่าสี่เหลี่ยม มีความมันจากซีสที่ผสมกับความเค็มและเผ็ดจากซอสได้อย่างลงตัว,พิซซ่า,ดิปเปอร์
พิซซ่าพิเศษ ที่ราคาค่อนข้างแพงแต่ก็มีความคุ้มค่าจากความหลากหลายของหน้าที่มีทั้งเนื้อ ไส้กรอกและซีส,พิซซ่า,ดิปเปอร์
อยากกินเบคอนสไลด์ที่ช่วยเติมรสชาติเค็มหวานให้กับอาหารร้อนๆ ที่ผ่านการอบมา กินคู่กับแป้งสี่เหลี่ยมร้อนๆ ที่ถูกราดด้วยชีสหรือซอสบาร์บีคิวก็ได้,พิซซ่า,ดิปเปอร์
อยากกินบาร์บีคิว ชิกเก้น และเป๊ปเปอโรนี กินคู่กับชีส บนแป้งสี่เหลี่ยมร้อนๆ ที่ผ่านการอบมาใหม่ๆ สามารถราดด้วยซอสซีซาร์ได้,พิซซ่า,ดิปเปอร์
"มิติใหม่ของการกินพิซซ่าที่สนุกที่สุด มีท็อปปิ้งแน่นและหลากหลาย ดิปปิ้งซอสเยอะสามารถเลือกได้ เช่น ซอสบาร์บีคิว, ซอสซีซาร์, และซอสสไปซี่เกาหลี",พิซซ่า,ดิปเปอร์
อยากกินเบคอน บาร์บีคิว ชิกเก้น และเป๊ปเปอโรนี ขอเป็นอาหารแป้งๆ ร้อนๆ และกินง่ายๆ ใช้มือกินได้ เป็นอาหารต่างประเทศด้วย,พิซซ่า,ดิปเปอร์
ไม่รีบมาก สามารถทำได้โดยการอบ มีเนื้อเบคอนกับชีสเป็นส่วนประกอบหลัก อาจจะมีเนื้อไก่ผสมด้วย,พิซซ่า,ดิปเปอร์
แป้งหน้าตาสี่เหลี่ยม ไม่มีในอิตาลี มี เปปเปอโรนี เบคอน เค็มๆ มีดิปปิ้งซอสให้เลือกได้หลากหลาย ราดด้วยชีส สามารถหยิบกินได้ และถูกแบ่งเป็นชิ้นๆ ,พิซซ่า,ดิปเปอร์
เป็นอาหารประเภทแป้งที่มีความหลากหลายสูง มีหลายท็อปปิ้งและซอสให้เลือกมากมาย ชื่อว่า ดิปเปอร์ ,พิซซ่า,ดิปเปอร์
อาหารจำพวกแป้งอบ โดยมีปนเนื้อบาร์บีคิวและเบคอนสไลด์ มีผักเล็กน้อย เช่น เห็ด ลงไปเป็นส่วนผสมกับอาหาร อาจจะมีพวกพริกผสมเข้าไปเล็กน้อย,พิซซ่า,ดิปเปอร์
หิวแป้ง อยากกินเนื้อเยอะๆ ขอบกรอบๆ ชีสเน้น รอได้ แต่ขอพวกบาร์บีคิวไก่เยอะๆ ละกัน,พิซซ่า,ดิปเปอร์
แป้ง ชีส มีเนื้อให้เลือกหลากหลาย ไม่เอากลมๆ ขอเหลี่ยมๆ มีซอสให้เลือก ปรุงได้เยอะ รสชาติเปลี่ยนไปตามซอสที่ใส่,พิซซ่า,ดิปเปอร์
มีปนเนื้อบาร์บีคิวและเบคอนสไลด์ ชิกเก้น และเป๊ปเปอโรนี กินคู่กับชีส บนแป้งสี่เหลี่ยมร้อนๆ สามารถราดด้วยซอสมะเขือเทศได้,พิซซ่า,ดิปเปอร์
พิซซ่าที่ขอบกรอบ แถมซอสที่หลากหลาย ราคาค่อนข้างแพงแถมขายอยู่ในช่วงเวลาพิเศษ,พิซซ่า,ดิปเปอร์
ถ้าอยากกินที่พิซซ่าที่มีความคุ้มค่าและหลากหลายมีทั้งเป็ปเปอโรนี เบคอน ชีส และไก่บาร์บีคิวอยู่ด้วยกัน,พิซซ่า,ดิปเปอร์
ถ้าพูดถึง 4 สหายที่จะดึงสชาติความเด่นแต่ละอย่างพิซซ่าออกมาได้อย่างชัดเจนเลย,พิซซ่า,ดิปเปอร์
พิซซ่าที่เราสามารถลองซอสพิซซ่าได้มากถึง 4 ซอสสูตรเด็ดภายในพิซซ่าตัวนี้ได้เลย,พิซซ่า,ดิปเปอร์
พิซซ่าที่มีความแตกต่างในเวลาเดียวกันถึง 4 ความแตกต่างรวมในถาดเดียว,พิซซ่า,ดิปเปอร์
พิซซ่าที่มีลักษณะเป็นถาดยาวที่ไม่ใช่ลักษณะเป็นวงกลมทั่วไปที่ขายอยู่ตลอดเวลา,พิซซ่า,ดิปเปอร์
พิซซ่าที่มีลักษณะเป็นทรงสี่เหลี่ยมที่ไม่ใช่ลักษณะสามเหลี่ยมทั่วไปที่ขายอยู่ตลอดเวลา,พิซซ่า,ดิปเปอร์
พิซซ่าที่มีโปรโมชั่นที่จำกัดเวลาโดยจะอยู่ในช่วงสั้นๆ เท่านั้นหมดแล้วหมดเลย,พิซซ่า,ดิปเปอร์
อยากกินแป้งที่ให้สารอาหารและอยากกินเนื้อสัตว์ด้วยแต่อยากได้ความแตกต่างของรสชาติที่กินด้วย,พิซซ่า,ดิปเปอร์
พิซซ่าที่ยาวที่สุดตั้งแต่ที่ร้านพิซซ่าเคยทำพิซซ่าขึ้นมาและมีหน้าให้เลือกถึง 4 หน้า,พิซซ่า,ดิปเปอร์
พิซซ่าที่เป็นกระแสและผู้คนให้ความสนใจกันมากที่สุดตั้งแต่เปิดตัวออกมา,พิซซ่า,ดิปเปอร์
พิซซ่าที่ไม่สามารถปรับแต่งหน้าได้เองและจะขายออกมาเป็นเซ็ทที่ถูกตั้งไว้เท่านั้น,พิซซ่า,ดิปเปอร์
พิซซ่าที่สามารถกินกับครอบครัวที่แต่ละคนชอบกินรสชาติพิซซ่าที่แตกต่างกันแต่ละคำ,พิซซ่า,ดิปเปอร์
อยากกินอะไรที่กินแล้วไม่เบื่อ สามารถจิ้มซอสเปลี่ยนรสชาติได้,พิซซ่า,ดิปเปอร์
อยากินพิซซ่าที่ได้ความหลายหลายในถาดเดียวกินแล้วจะได้ไม่เบื่อ,พิซซ่า,ดิปเปอร์
อยากสั่งอะไรก็ได้ที่ได้ความหลากหลายเยอะหน่อยในเมนูเดียว มีทั้งเนื้อและซีส จะได้ไม่ต้องเลือกเยอะ,พิซซ่า,ดิปเปอร์
อยากหาอะไรกินกับเพื่อนที่สั่งเมนูเดียวแล้วได้กินอะไรหลายอย่าง,พิซซ่า,ดิปเปอร์
มีพิซซ่าอะไรมั้ยที่จำกัดเวลาขายในช่วงสั้นๆ ช่วงนี้บ้างมั้ย,พิซซ่า,ดิปเปอร์
ขอเมนูที่สามารถกินมในงานเลี้ยงที่ได้รสชาติที่หลากหลายสามารถได้รสชาติที่แตกต่างกันแต่ละคำ,พิซซ่า,ดิปเปอร์
ฉันอยากกินอะไรหลายๆ อย่างมีเมนูอะไรที่สั่งแล้วกินอะไรหลายอย่างมั้ย,พิซซ่า,ดิปเปอร์
เป็นพิซซ่าที่หน้าตาเป็นสี่เหลี่ยมๆ มีซอสให้จิ้มกินมันชื่อเมนูอะไรหรอ,พิซซ่า,ดิปเปอร์
ขอเมนูที่กินได้ง่ายๆ ไม่ต้องใช้ช้อมส้อม มีความหลากหลายกินแล้วไม่เบื่อ,พิซซ่า,ดิปเปอร์
กินหาอะไรมากินในงานปาร์ตี้ ขอเบบสั่งเมนูเดียวแล้วได้หลายๆ อย่างที่เดียวเลยจะได้ไม่งงว่าสั่งอะไรไปบ้าง,พิซซ่า,ดิปเปอร์
แป้งสี่หลี่ยมที่มีชีสเต็มเยอะ มีเนื้อสัตว์แปรรูปแน่นๆ แต่อาจจะไม่เหมาะกับคนที่รักสุขภาพ,พิซซ่า,ดิปเปอร์
พิซซ่าที่เป็นกระแสตอนออกมาที่มีหน้ารวมๆ ในถาดเดียวแล้ว มีซอสให้เลือกจิ้มกินคือเมนูอะไร,พิซซ่า,ดิปเปอร์
อาหารรสชาติเข้มข้นน้ำซุบเลือดต้มสุกกินแล้วละมุนลิ้นเส้นนุ่มหมูนู่มมีน้ำ หากินได้ง่ายพบได้ทั่วไป ราคาไม่แพง กินได้คนเดียว,ก๋วยเตี๋ยว,ก๋วยเตี๋ยวน้ำตก
อาหารที่สามารถใช้ตะแกรงลวกเส้นเป็นชามมีน้ำสีน้ำตาลมีต้นกำเนิดมาจากคนจีนประกอบไปด้วยโปรตีนและคาร์โบไฮเดรตสูงมีเลือด เนื้อ เศษผัก ถั่วงอก,ก๋วยเตี๋ยว,ก๋วยเตี๋ยวน้ำตก
อาหารที่อร่อยอยู่แล้วมีความกรุบกรอบของแคปหมูมีความนุ่มเนื้อที่ต้มมาเส้นก๋วยเตี๋ยวเหนียวนุ่มกำลังดี ใส่เลือดสัตว์แล้วต้มให้สุก,ก๋วยเตี๋ยว,ก๋วยเตี๋ยวน้ำตก
อาหารที่รสชาติกลมกล่อมเส้นเหนียวหนึบมีลูกชิ้นเด้งและหมูนุ่มน้ำซุปอุ่น ๆ มีรสเผ็ดและกรอบจากแคปหมูสามารถหาซื้อได้ง่ายราคาถูก,ก๋วยเตี๋ยว,ก๋วยเตี๋ยวน้ำตก
เป็นเส้นที่มีน้ำสีดำ ๆ รสชาติเค็มเผ็ด สามารถกินได้ทีละคน มีเนื้อและผีกอยู่เยอะสามารถหากินได้ทั่วไป,ก๋วยเตี๋ยว,ก๋วยเตี๋ยวน้ำตก
อาหารเป็นเส้นที่มีเลือดสัตว์และเนื้อเป็นส่วนประกอบ เสริฟเป็นชาม ๆ มีโปรตีน คาร์โบไฮเดรต กินได้ทุกวันไม่มีเบื่อ,ก๋วยเตี๋ยว,ก๋วยเตี๋ยวน้ำตก
ก๋วยเตี๋ยวที่เส้นหลากหลายรสชาติที่จัดจ้าน พร้อมกับเนื้อที่มีความเหนียวเล็กน้อย ,ก๋วยเตี๋ยว,ก๋วยเตี๋ยวน้ำตก
ก๋วยเตี๋ยวที่มีเครื่องเคียงเยอะ มีทั้งความกรอบของกากหมูและสามารถหากินได้ง่าย,ก๋วยเตี๋ยว,ก๋วยเตี๋ยวน้ำตก
อาหารที่มีรสเผ็ดกินกับหมูที่มีความนุ่มกับน้ำซุบที่เข้มข้นจัดจ้าน ,ก๋วยเตี๋ยว,ก๋วยเตี๋ยวน้ำตก
ุก๋วยเตี๋ยวที่ส่วนใหญ่จะมีขนมถ้วยขายด้วยกันเสมอ เป็นการผสมกันระหว่างความเผ็ดและเค็มของก๋วยเตี๋ยวกับความหวานได้อย่างลงตัว,ก๋วยเตี๋ยว,ก๋วยเตี๋ยวน้ำตก
อาหารที่มีความกรอบขายเป็นชาม ๆ เหมาะกับการกินคนเดียวสามารถหาร้านได้ทั่วไป มีลักษณะคล้ายเรือ,ก๋วยเตี๋ยว,ก๋วยเตี๋ยวน้ำตก
คาร์โบไฮเดรตสูงจากการมีเลือดกับเนื้อ มีวิตามินจากผักและมีความกรอบจากถํ่วงอก,ก๋วยเตี๋ยว,ก๋วยเตี๋ยวน้ำตก
อาหารแป้งนุ่มๆ ผสมน้ำซุปเข้มข้นโดยมีส่วนผสมของเนื้อ ผัก เครื่องในสัตว์ในอาหารนั้น ไม่เอาถั่วงอก กินง่าย สะดวก รวดเร็ว สามารถปรุงได้หลากหลาย,ก๋วยเตี๋ยว,ก๋วยเตี๋ยวน้ำตก
อยากซดน้ำร้อนๆ ที่มีรสชาติของเนื้อผสมอยู่ มีความเค็มปนหวาน มีพวกลูกชิ้น หรือกากหมู เป็นตัวเลือกเพิ่มเติม,ก๋วยเตี๋ยว,ก๋วยเตี๋ยวน้ำตก
อยากกินก๋วยเตี๋ยว ที่มีน้ำดำๆ ข้นๆ นัวๆ ลูกชิ้น รสชาติเค็มๆ ปรุงเผ็ดได้ ผักน้อย ใส่กระเทียมเจียวเยอะๆ ,ก๋วยเตี๋ยว,ก๋วยเตี๋ยวน้ำตก
ไม่อยากใช้ช้อนส้อมกินอาหาร อยากใช้ตะเกียบที่ซื้อมาใหม่ อากาศหนาวๆ อยากซดของอุ่นๆ เค็มๆ ชอบกินเครื่องใน อยากกินเส้น,ก๋วยเตี๋ยว,ก๋วยเตี๋ยวน้ำตก
"อาหารแป้งเป็นเส้นบางๆ ผสมน้ำซุปเค็มๆ โดยมีส่วนผสมของเนื้อหมูหรือไก่, ผัก, ถั่วลิสงบด ",ก๋วยเตี๋ยว,ก๋วยเตี๋ยวน้ำตก
เมนูแป้งที่ถูกตัดออกเป็นเส้นบางๆ หลายๆ เส้น จากนั้นนำไปลวกน้ำร้อนหรือน้ำซุป เพื่อนำไปบรรจุลงชามต่อไป รสชาติเค็มเป็นหลัก,ก๋วยเตี๋ยว,ก๋วยเตี๋ยวน้ำตก
เมนูที่สามารถหากินได้ทั่วไปในประเทศไทย อยากกินแนวราเมง มีซุปที่เข้มข้น แต่ไม่ใส่ข่า หรือ มะกรูด,ก๋วยเตี๋ยว,ก๋วยเตี๋ยวน้ำตก
อาหารที่อร่อยอยู่แล้วมีความกรุบกรอบของกากหมูมีความนุ่มของเนื้อที่ต้มมากับเส้นก๋วยเตี๋ยวเหนียวนุ่มกำลังดี ใส่เลือดสัตว์แล้วต้มให้สุก,ก๋วยเตี๋ยว,ก๋วยเตี๋ยวน้ำตก
อาหารสามารถสั่งแล้วรอไม่นาน รอลวกเส้น ใส่วัตถุดิบและน้ำซุปเข้มๆ กินตอนร้อนๆ ในช่วงหน้าหนาว จะช่วยให้ร่างกายอบอุ่น,ก๋วยเตี๋ยว,ก๋วยเตี๋ยวน้ำตก
เมนูที่ได้รับมาจากวัฒนธรรมประเทศจีน มีลักษณะเป็นเส้น กินคู่กับน้ำซุปสีเข้ม รสชาติเค็ม สามารถใช้ตะเกียบหรือส้อมในการกินได้,ก๋วยเตี๋ยว,ก๋วยเตี๋ยวน้ำตก
ใช้ตะแกรงลวกเส้น มีทั้งเส้นใหญ่และเล็ก เป็นชามมีน้ำสีน้ำตาลเข้ม มีต้นกำเนิดมาจากจีนื ประกอบไปด้วยโปรตีนและคาร์โบไฮเดรคสูง,ก๋วยเตี๋ยว,ก๋วยเตี๋ยวน้ำตก
ใช้ตะแกรงลวกเส้น ประกอบไปด้วยโปรตีนและคาร์โบไฮเดรตสูงมีเลือด เนื้อ ผัก ถั่วงอก ลูกชิ้นปลา่หรือหมู,ก๋วยเตี๋ยว,ก๋วยเตี๋ยวน้ำตก
อยากกินก๋วยเตี๋ยวเรือที่ร้อนๆ และเผ็ดๆ โดยมีลูกชิ้นกับเนื้อผสมอยู่,ก๋วยเตี๋ยว,ก๋วยเตี๋ยวน้ำตก
อยากกินอาหารพวกเส้นที่มีเครื่องในเป็นสัตถุดิบและมีเลือดหมูผสมอยู่ในน้ำซุป,ก๋วยเตี๋ยว,ก๋วยเตี๋ยวน้ำตก
หมูตุ้นควรกินกับก๋วยเตี๋ยวประเภทที่มีรสเข้มข้นถึงจะอร่อยที่สุด,ก๋วยเตี๋ยว,ก๋วยเตี๋ยวน้ำตก
อยากกินก๋วยเตี๋ยวที่เป็นอาหารพื้นเมืองที่มีต้นกำเนิดจากภาคตะวันตกของไทย,ก๋วยเตี๋ยว,ก๋วยเตี๋ยวน้ำตก
อยากกินก๋วยเตี๋ยวที่มีรสชาติเอกลักษณ์เน้นรสเผ็ดและเปรี้ยวในตัวอย่างที่สุด โดยใช้เครื่องปรุงรสต่าง ๆ เช่น พริกไทยป่น พริกขี้หนู น้ำมะนาว ,ก๋วยเตี๋ยว,ก๋วยเตี๋ยวน้ำตก
ก๋วยเตี๋ยวที่มีกากหมู แค็ปหมู เป็นส่วนประกอบหลักของก๋วยเตี๋ยวเพื่อเพิ่มความหอมมันของน้ำซุป,ก๋วยเตี๋ยว,ก๋วยเตี๋ยวน้ำตก
ก๋วยเตี๋ยวที่มีเครื่องเคียงเป็นใบโหระพาและถั่วงอกที่กินด้วยกันแล้วจะได้รสชาติที่เข้ากันได้ดี,ก๋วยเตี๋ยว,ก๋วยเตี๋ยวน้ำตก
ก๋วยเตี๋ยวที่กินเสร็จแล้วต้องมีของว่างเป็นขนมถ้วยตามมาด้วยทุกครั้ง,ก๋วยเตี๋ยว,ก๋วยเตี๋ยวน้ำตก
ก๋วยเตี๋ยวที่จะนิยมกินบนชามรูปเรือเนื่องจากมีต้นแบบมาจากก๋วยเตี๋ยวเรือ,ก๋วยเตี๋ยว,ก๋วยเตี๋ยวน้ำตก
ก๋วยเตี๋ยวที่เผ็ดจัดจ้านมากและนิยมกินกับพริกเผาที่มีความหอมแล้วความนัวของน้ำมันที่คั่วพริกเอาไว้ใส่กับก๋วยเตี๋ยว,ก๋วยเตี๋ยว,ก๋วยเตี๋ยวน้ำตก
สีของน้ำซุปที่มีลักษณะเป็นสีดำมิดแต่กับมีความตัดกันของสีของเนื้อและผักต่างๆ ที่มีความเป็นเอกลักษณะ,ก๋วยเตี๋ยว,ก๋วยเตี๋ยวน้ำตก
อากาศร้อนๆ แบบนี้อยากจะทรมานตัวเองเพิ่มเข้าไปอีก อยากกินก๋วยเตี๋ยวร้อนๆ เผ็ดๆ รสจัดจ้านมากๆ,ก๋วยเตี๋ยว,ก๋วยเตี๋ยวน้ำตก
อยากกินอะไรที่เป็นเส้นๆ น้ำสีเข้มๆ แต่ผมจำไม่ได้ว่ามันคือเมนูอะไร,ก๋วยเตี๋ยว,ก๋วยเตี๋ยวน้ำตก
ก๋วยเตี๋ยวชื่ออะไรที่มันใส่เลือดลงไปผสมกับน้ำ,ก๋วยเตี๋ยว,ก๋วยเตี๋ยวน้ำตก
ก๋วยเตี๋ยวสีดำๆ ที่มักจะเอาไปกินกับกากหมูและสามารถหากินได้ง่าย,ก๋วยเตี๋ยว,ก๋วยเตี๋ยวน้ำตก
อยากได้อะไรก็ที่เป็นเส้นๆ น้ำข้นๆ สีน้ำตาลซดได้อร่อยแถมอิ่มด้วย,ก๋วยเตี๋ยว,ก๋วยเตี๋ยวน้ำตก
แถวๆ นี้มีร้านก๋วยเตี๋ยวอยู่ฉันอยากกินอะไรที่รสจัดๆ น้ำข้นๆ แต่ฉันไม่รู้จะสั่งอะไรกินดี,ก๋วยเตี๋ยว,ก๋วยเตี๋ยวน้ำตก
ขอเมนูมีเครื่องเคียงกรอบๆ ที่สั่งกินคนเดียวง่ายๆ สามารถหากินได้ในร้านที่ตกแต่งคล้ายเรือ,ก๋วยเตี๋ยว,ก๋วยเตี๋ยวน้ำตก
ไม่อยากกินก๋วยเตี๋ยวต้มยำ แต่อยากกินรสจัดๆพอจะมีก๋วยเตี๋ยวอะไรที่แทนได้มั้ย,ก๋วยเตี๋ยว,ก๋วยเตี๋ยวน้ำตก
เมนูที่มีน้ำซุปที่เป็นสีดำข้นๆ มีเนื้อนุ่มๆ เปื่อยๆ  บ้างมั้ย,ก๋วยเตี๋ยว,ก๋วยเตี๋ยวน้ำตก
อยากกินก๋วยเตี๋ยวที่ใส่เนื้อ เพราะเราเป็นคนไม่กินหมูพอจะมีอะไรแนะนำมั้ย,ก๋วยเตี๋ยว,ก๋วยเตี๋ยวน้ำตก
ฉันเคยได้ยินมาว่ามีเมนูที่เป็นจำพวกเส้น และมีการเอาเลือดสดๆ ลงไปต้มกับน้ำซุปมันคืออะไร,ก๋วยเตี๋ยว,ก๋วยเตี๋ยวน้ำตก
อยากกินพวกกากหมู แคปหมู มีเมนูอะไรที่กินแล้วเข้ากันบ้างมั้ย,ก๋วยเตี๋ยว,ก๋วยเตี๋ยวน้ำตก
บอกฉันหน่อยว่าอาหารที่เอาเส้นไปลวกแล้วมีการใส่เลือดในน้ำซุปด้วยคือเมนูอะไร,ก๋วยเตี๋ยว,ก๋วยเตี๋ยวน้ำตก
อาหารที่รสชาตืเปรี้ยวและเผ็ดเส้นเหนียวหนึบมีลูกชิ้นเด้งและหมูนุ่มประกอบด้วยน้ำอุ่นมีความกรอบของถั่ว ให้โปรตีน เส้นให้คาร์โบไฮเดรต ผักให้วิตามิน เกลือแร่,ก๋วยเตี๋ยว,ก๋วยเตี๋ยวต้มยำน้ำใส
เส้นเล็กสีขาว ลูกชิ้นทรงกลมสีขาว หมูสีเหลี่ยวผืนผ้าสีเทา น้ำต้มยำสีส้ม ถั่วสีเหลืองอาหารจากประเทศจีน นิยมใช้ตะเกียบในการรับประทาน สามารถหาทานได้ทั่วไปมีเส้นก๋วยเตี๋ยว,ก๋วยเตี๋ยว,ก๋วยเตี๋ยวต้มยำน้ำใส
อาหารมีรสเปรี้ยวและเผ็ดร้อน มีความแสบร้อนเส้นที่ลวดกำลังดีเหนียวนุ่มตามประเภทของเส้นที่เลือก มีคาร์โบไฮเดรตจากเส้น มีต้นกำเนิดจากจีน,ก๋วยเตี๋ยว,ก๋วยเตี๋ยวต้มยำน้ำใส
เส้นก๋วยเตี๋ยวที่หลากหลายมีลูกชิ้นหมูนิ่มๆ เด้งๆ ในปาก ใส่เนื้อหมูหรือลูกชิ้นราดน้ำและโรยผัก น้ำแกงสีส้มที่ดูเผ็ดร้อนชวนเสียน้ำลายมีโปรตีนจากเนื้อและลูกชิ้นที่ใส่,ก๋วยเตี๋ยว,ก๋วยเตี๋ยวต้มยำน้ำใส
อาหารเผ็ดร้อนเข้มข้นพริกมีรสเปรี้ยวมะนาวซุปเผ็ดแต่อร่อยมีความนุ่มของเนื้อและเส้นเหมาะกับคนที่ชอบกินเผ็ด มีคาร์โบ ราคาถูกมีเส้นก๋วยเตี๋ยว,ก๋วยเตี๋ยว,ก๋วยเตี๋ยวต้มยำน้ำใส
เป็นอาหารชามเหมาะกับการกินคนเดียวมีน้ำสีใสออกส้มๆแดงๆ เป็นอาหารที่มีต้นกำเนิดมากจากคนจีนที่มาเจอความเผ็ดร้อนในเมืองไทยมีคาร์โบไฮเดรตและโปรตีนใส่พริกเผา,ก๋วยเตี๋ยว,ก๋วยเตี๋ยวต้มยำน้ำใส
เป็นอาหารเส้นมีรสชาติเผ็ดๆ เปรี้ยวมะนาวเป็นของเหลวเผ็ดร้อน มีเส้นนุ่ม มีเนื้อต้องใส่พริกเผาลงในน้ำซุป ใช้ตะแกรงลวกเส้นเป็นอาหารทั่วไปของคนไทย,ก๋วยเตี๋ยว,ก๋วยเตี๋ยวต้มยำน้ำใส
มีรสเปรี้ยวและเผ็ด อาหารที่คนไทยชอบประกอบไปด้วยเส้นหมู สามารถปรุงเพิ่มได้ ใช้ตะเกียบในการกิน มีถั่วงอก,ก๋วยเตี๋ยว,ก๋วยเตี๋ยวต้มยำน้ำใส
ก๋วยเตี๋ยวที่กินได้ทุกเมื่อราคาถูก กินได้ไม่มีเบื่อ รสชาติเผ็ดแซป มีเครื่องเป็นหมูลูกชิ้น ใส่น้ำซุปจากนั้นนำเส้นที่เตรียมไว้ลงไปลวก ,ก๋วยเตี๋ยว,ก๋วยเตี๋ยวต้มยำน้ำใส
เส้นก๋วยเตี๋ยวที่หลากหลายสชาตืเปรี้ยวและเผ็ดมีเนื้อต้องใส่พริกเผาลงในน้ำซุป,ก๋วยเตี๋ยว,ก๋วยเตี๋ยวต้มยำน้ำใส
อาหารที่นิยมสำหรับคนไทยเนื่องจากมีความเผ็ดและเปรี้ยวที่มีเอกลักษณ์ ใส่เครื่องปรุง น้ำตาลทราย น้ำมะนาว น้ำปลา พริกแห้งคั่วป่น และน้ำพริกเผา ,ก๋วยเตี๋ยว,ก๋วยเตี๋ยวต้มยำน้ำใส
ก๋วยเตี๋ยวที่รสชาติเข้มข้น พร้อมกับหมูเด้ง ผงปรุงรส พริกไทยป่น ในเนื้อหมูสับที่บดละเอียด กับเส้นที่สามารถเลือกได้หลากหลาย,ก๋วยเตี๋ยว,ก๋วยเตี๋ยวต้มยำน้ำใส
"น้ำซุปร้อนๆ ใสนิดหน่อย ที่มีรสชาติของพริกเผาผสมอยู่ มีความเผ็ด, เค็ม, และเปรี้ยว มีพวกลูกชิ้นปลาหรือหมู นิยมใส่หมูสับ",ก๋วยเตี๋ยว,ก๋วยเตี๋ยวต้มยำน้ำใส
แป้งที่ถูกตัดออกเป็นเส้นบางๆ หลายๆ เส้น จากนั้นนำไปลวกน้ำร้อนหรือน้ำซุปเปรี้ยวๆ เพื่อนำไปบรรจุลงชามพร้อมกับหมูหรือซีฟู๊ด,ก๋วยเตี๋ยว,ก๋วยเตี๋ยวต้มยำน้ำใส
เป็นอาหารเส้นมีรสชาติเผ็ดๆ เปรี้ยวมะนาว มีเส้นนุ่ม มีเนื้อหมู ไก่ กุ้ง หรือปลา ต้องใส่พริกเผาลงในน้ำซุป ใช้ตะแกรงลวกเส้นเป็นอาหารทั่วไปของคนไทย,ก๋วยเตี๋ยว,ก๋วยเตี๋ยวต้มยำน้ำใส
อาหารที่เป็นการผสมระหว่างก๋วยเตี๋ยวและต้มยำ ได้ความเผ็ดนัวจากต้มยำ และเส้นนุ่มๆ จากก๋วยเตี๋ยว เหมาะแก่การเรียนเหงื่อในหน้าหนาว,ก๋วยเตี๋ยว,ก๋วยเตี๋ยวต้มยำน้ำใส
อยากกินอาหารคล้ายๆ มาม่าต้มยำหมูสับ ใส่เครื่องได้หลายอย่าง เช่น ลูกชิ้น ไข่ยางมะตูม หรือว่าจะเพิ่มความเผ็ดด้วยพริกเผาเพิ่มก็ได้,ก๋วยเตี๋ยว,ก๋วยเตี๋ยวต้มยำน้ำใส
อาหารเผ็ดร้อนจากพริก มีรสเปรี้ยวมะนาว ซุปเผ็ดแต่อร่อยมีความนุ่มของเนื้อและเส้น เหมาะกับคนที่ชอบกินเผ็ด มีผักและเส้นก๋วยเตี๋ยว และราคาถูก,ก๋วยเตี๋ยว,ก๋วยเตี๋ยวต้มยำน้ำใส
พริกเผา มะนาว เส้น มะกรูด เผ็ด เปรี้ยว เหมาะเเก่การแวะกินโดนใช้เวลาไม่นาน มีขายอยู่ทั่วไป สามารถพบเจอได้ง่าย,ก๋วยเตี๋ยว,ก๋วยเตี๋ยวต้มยำน้ำใส
อยากกินแป้ง ไม่อยากกินแนวอาหารอบหรือเลี่ยน มีปริมาณไม่มากเกินไป สามารถซื้อกลับบ้านได้โดยไม่ลำบาก กินง่ายและทิ้งง่าย,ก๋วยเตี๋ยว,ก๋วยเตี๋ยวต้มยำน้ำใส
มีแคลอรี่ไม่มากไป สามารถกินหมดได้ด้วยตัวคนเดียว หาซื้อง่าย เน้นน้ำ เส้น และเนื้อ รสชาติจัด เป็นตัวเรียกเหงื่อได้ดี,ก๋วยเตี๋ยว,ก๋วยเตี๋ยวต้มยำน้ำใส
อยากกินเส้นผสมกับต้มยำ มีรสชาติเผ็ด เปรี้ยว เค็ม และมีเส้นนุ่มๆ จากก๋วยเตี๋ยว สีน้ำซุปมีสีส้มเข้ม ดูจัดจ้าน,ก๋วยเตี๋ยว,ก๋วยเตี๋ยวต้มยำน้ำใส
ก๋วยเตี๋ยวที่กินได้ทุกเมื่อราคาถูก รสชาติเผ็ดแซ่ป มีเครื่องเป็นหมูลูกชิ้น ใส่น้ำซุปจากนั้นนำเส้นที่เตรียมไว้ลงไปลวก ,ก๋วยเตี๋ยว,ก๋วยเตี๋ยวต้มยำน้ำใส
อยากกินอาหารเผ็ดๆ ใส่พริกเยอะๆ มีรสชาติหลากหลาย เป็นเมนูขึ้นชื่อของไทย นำมาผสมกับประเทศจีน,ก๋วยเตี๋ยว,ก๋วยเตี๋ยวต้มยำน้ำใส
ก๋วยเตี๋ยวที่มีการใส่ปลาเส้นลักษณะวงรีเข้าไปข้างในเพื่อเพิ่มสีสัน,ก๋วยเตี๋ยว,ก๋วยเตี๋ยวต้มยำน้ำใส
อยากกินก๋วยเตี๋ยวรสเปรี้ยวๆ เพื่อทำให้ตัวเองตื่นและรู้สึกสดชื่นที่จะทำงานต่อในวันนี้,ก๋วยเตี๋ยว,ก๋วยเตี๋ยวต้มยำน้ำใส
มีไข่ต้มอยู่แต่ไม่รู้จะนำไปกินกับอะไรดี อยากกินอาหารจำพวกเส้น และสามารถกินน้ำซุปได้ด้วย,ก๋วยเตี๋ยว,ก๋วยเตี๋ยวต้มยำน้ำใส
ของขึ่นชื่อกินเล่นที่ใส่มากับก๋วยเตี๋ยวแล้วคู่กันเป็นเกี๊ยวกรอบที่เคี้ยวแล้วกินกับก๋วยเตี๋ยวจะยกระดับรสชาติก๋วยเตี๋ยว,ก๋วยเตี๋ยว,ก๋วยเตี๋ยวต้มยำน้ำใส
อยากกินถั่วกับอาหารจำพวกเส้นที่มีน้ำซุปที่สามารถรับประธานได้พร้อมกันและรสชาติเข้าคู่กันอีกด้วย,ก๋วยเตี๋ยว,ก๋วยเตี๋ยวต้มยำน้ำใส
อยากกินอาหารจำพวกเส้นเบาๆ ที่ไม่หนักท้องมากและสียังเป็นมิตรกับผู้บริโภค,ก๋วยเตี๋ยว,ก๋วยเตี๋ยวต้มยำน้ำใส
อาหารที่เราเดินเข้าร้านก๋วยเตี๋ยวแล้วถ้านึกเมนูอะไรไม่ออกจะสั่งเมนูนี้เป็นประจำ,ก๋วยเตี๋ยว,ก๋วยเตี๋ยวต้มยำน้ำใส
ก๋วยเตี๋ยวที่เป็นที่ขึ้นชื่อของร้านเพื่อไม่รู้จะกินอะไรและยังมีส่วนประกอบเป็นหมูสับด้วย,ก๋วยเตี๋ยว,ก๋วยเตี๋ยวต้มยำน้ำใส
เป็นก๋วยเตี๋ยวที่มีรสชาติที่สามารถปรับแต่งได้มากที่สุดตามแต่ที่แต่ละที่จะทำน้ำซุปออกมาเป็นลักษณะเด่นของร้าน,ก๋วยเตี๋ยว,ก๋วยเตี๋ยวต้มยำน้ำใส
ก๋วยเตี๋ยวที่ได้แรงบันดาลใจมาจากอาหารประจำชาติของประเทศไทยอย่างต้มยำกุ้ง,ก๋วยเตี๋ยว,ก๋วยเตี๋ยวต้มยำน้ำใส
รสชาติของก๋วยเตี๋ยวจะเปลี่ยนไปตามภูมิภาคต่างๆ ที่จะดึงรสที่แตกต่างกันออกมาไม่มีรสชาติที่ตายตัว,ก๋วยเตี๋ยว,ก๋วยเตี๋ยวต้มยำน้ำใส
เป็นก๋วยเตี๋ยวที่ทำง่ายๆ ขั้นตอนไม่เยอะใช้วัตถุดิบน้อยก็สามารถปรุงออกมาให้อร่อยได้,ก๋วยเตี๋ยว,ก๋วยเตี๋ยวต้มยำน้ำใส
อยากอาหารที่เป็นเส้นรสชาติเปรี้ยวๆ เผ็ดๆ ,ก๋วยเตี๋ยว,ก๋วยเตี๋ยวต้มยำน้ำใส
อยากกินเมนูที่เป็นน้ำรสจัดจ้าน ที่สามารถปรุงรสเพิ่มเติมได้,ก๋วยเตี๋ยว,ก๋วยเตี๋ยวต้มยำน้ำใส
มีเมนูอะไรที่กินแล้วไม่ค่อยอ้วนมั้ย ของรสเปรี่ยวๆ กินแล้วจะได้ไม่เบื่อ,ก๋วยเตี๋ยว,ก๋วยเตี๋ยวต้มยำน้ำใส
อยากได้เมนูที่ราคาไม่แพงรสชาติ เปรี้ยวๆ เผ็ดๆ หน่อยจะได้กินได้เรื่อยๆ,ก๋วยเตี๋ยว,ก๋วยเตี๋ยวต้มยำน้ำใส
อยากเมนูที่เป็นน้ำๆ เปรี้ยวๆ ที่กินได้กินได้ไม่ค่อยเบื่อเท่าไหร่,ก๋วยเตี๋ยว,ก๋วยเตี๋ยวต้มยำน้ำใส
ก๋วยเตี๋ยวที่ใส่พริกเผ่า ใส่ถั่ว มันคือก๋วยเตี๋ยวอะไร,ก๋วยเตี๋ยว,ก๋วยเตี๋ยวต้มยำน้ำใส
อยากกินอะไรที่เป็นเส้นๆ รสจัดๆ ใส่พวกหมูสับ ไข่ยางมะตูม,ก๋วยเตี๋ยว,ก๋วยเตี๋ยวต้มยำน้ำใส
อยากกินก๋วยเตี๋ยวที่เอามาผสมรวมกันกับอาหารประจำชาติไทย,ก๋วยเตี๋ยว,ก๋วยเตี๋ยวต้มยำน้ำใส
ฉันมีเครื่องต้มยำกับเส้นเล็กอยู่ที่บ้านฉันจะทำอะไรกินดี,ก๋วยเตี๋ยว,ก๋วยเตี๋ยวต้มยำน้ำใส
อาหารที่คนไทยนิยม เพราะมีรสจัดที่มีทั้งความเผ็ด และความเปรี่ยวที่มีไม่เหมือนเมนูอื่น,ก๋วยเตี๋ยว,ก๋วยเตี๋ยวต้มยำน้ำใส
ก๋วยเตี๋ยวที่มีน้ำสีใสออกส้มๆ แดงๆ รสเปรี้ยวๆ เผ็ดๆ,ก๋วยเตี๋ยว,ก๋วยเตี๋ยวต้มยำน้ำใส
ฉันเป็นคนที่ชอบกินอะไรรสจัดๆ โดยเฉพาะ รสเปรี้ยวกับเผ็ดมีก๋วยเตี๋ยวอะไรที่แนะนำมั้ย,ก๋วยเตี๋ยว,ก๋วยเตี๋ยวต้มยำน้ำใส
อาหารที่มีหวานมันมีเส้นที่นุ่มมีความนุ่มจากเนื้อเส้นและหมูแดง และมีความกรุบกรอบจากผักลวกเส้นและใส่น้ำซุป ใส่เครื่อง,ก๋วยเตี๋ยว,บะหมีหมูแดงหมูกรอบ
สามารถทำได้จากการลวกเส้นและใส่น้ำซุป ใส่เครื่องที่เป็นหมูแดงหรือหมูกรอบสีสันสดใสและฉูดฉาดประกอบด้วยซุปกระดูกหมูเส้นบะหมี่ผักกวางตุ้ง,ก๋วยเตี๋ยว,บะหมีหมูแดงหมูกรอบ
มีความกรอบจากผักลวกและหมูกรอบ มีเส้นบะหมี่และลูกชิ้นกับผักทำให้ได้สารอาหารครบครัน,ก๋วยเตี๋ยว,บะหมีหมูแดงหมูกรอบ
มีรสชาติเน้นความหวานของน้ำซอส ถ้าเป็นแบบแห้งจะมีความหวานมากกว่า มีการลวกเส้นและผักใส่หมูราดด้วยน้ำหวานสีแดงๆ มีความกรอบและนุ่มในส่วนที่เป็นมัน มีวิตามินจากผัก,ก๋วยเตี๋ยว,บะหมีหมูแดงหมูกรอบ
มีเส้นบะหมีสีเหลือง ถ้าเป็นแบบน้ำจะหวานน้อยกว่าแต่จะได้ความเค็มๆ จากน้ำแกงมาแทน มีความนุ่มเหนียวกกำลังดีมีความนุ่มทั้งชิ้นของหมูแดง มีคาร์โบไฮเดรตจากเส้นบะหมี่,ก๋วยเตี๋ยว,บะหมีหมูแดงหมูกรอบ
อาหารที่มีเส้นที่นุ่ม สามารถหาซื้อได้ทั่วไป เมนูเส้นๆ กินได้ตลอด มีความโดดเด่นของหมูที่มีสีแดง,ก๋วยเตี๋ยว,บะหมีหมูแดงหมูกรอบ
ก๋วยเตี๋ยวที่มีเนื้อหมูเป็นส่วนประกอบหลักไม่ว่าจะเป็นความหวานของหมูแดงหรือ ความกรอบของหมูกรอบ,ก๋วยเตี๋ยว,บะหมีหมูแดงหมูกรอบ
ก๋วยเตี๋ยวกับน้ำซุปร้อน ๆ มีความมันของกระเทียมและลูกชิ้นเด้ง ๆ และเส้นหมี่,ก๋วยเตี๋ยว,บะหมีหมูแดงหมูกรอบ
ก๋วยเตี๋ยวที่มีสีเหลืองทอง มีผักสีเขียวและหมูสีแดง เสริฟพร้อมเครื่องปรุง ที่มีโปรตีนจากหมูเป็นหลัก,ก๋วยเตี๋ยว,บะหมีหมูแดงหมูกรอบ
สามารถหาซื้อได้ง่ายที่สุดมีขายอยู่ทุกที่เป็นก๋วยเตี๋ยวที่พอเจอบ่อยที่สุดและรสชาติไม่โดดเด่น,ก๋วยเตี๋ยว,บะหมีหมูแดงหมูกรอบ
ก๋วยเตี๋ยวที่สามารถกินเนื้อหมูได้หลายอย่างพร้อมกันไม่ว่าจะเป็นหมูแดงหรือหมูกรอบสามารถกินได้อร่อยทั้งแบบแห้งและแบบน้ำ,ก๋วยเตี๋ยว,บะหมีหมูแดงหมูกรอบ
น้ำมันกระเทียมเจียว หอมรวมทั้งความหวานของผักและซอสหมูแดง และเส้นที่นุ่มนิ่มลงตัว,ก๋วยเตี๋ยว,บะหมีหมูแดงหมูกรอบ
อาหารเส้น ไม่เปียกชุ่ม หรือมีน้ำราด มีเนื้อหมู เช่น หมูแดงหรือหมูกรอบ มีกระเทียมเจียว สามารถปรุงรสเองได้,ก๋วยเตี๋ยว,บะหมีหมูแดงหมูกรอบ
ใช้เวลาน้อย ใส่เกี๊ยวน้ำได้ เส้นมันๆ รสชาติค่อนไปทางจืด ไม่เผ็ด มีผักคะน้ารองด้านล่าง สามารถเพิ่มลูกชิ้นได้ บางร้านมีน้ำซอสซีอิ๊วให้ราด,ก๋วยเตี๋ยว,บะหมีหมูแดงหมูกรอบ
อยากกินหมูกรอบ แต่ไม่เป็นอาหารจำพวกข้าว ซดน้ำได้หรือไม่ก็ได้ มีถั่วงอกและผัก รสชาติกลางๆ หากินง่ายและไม่ยุ่งยากในการกิน,ก๋วยเตี๋ยว,บะหมีหมูแดงหมูกรอบ
รสชาติเน้นความหวานของซอส มีการลวกเส้นและผัก ใส่หมู ราดด้วยซอสหวานๆ มีความกรอบและนุ่มในส่วนที่เป็นมัน มีวิตามินจากผัก,ก๋วยเตี๋ยว,บะหมีหมูแดงหมูกรอบ
ถ้าต้องการอาหารประเภทน้ำหรือแห้งก็ได้ มีเส้นอยู่ด้วย ให้พลังงานเยอะเพราะมีไขมันกับโปรตีนและคาโบไฮเดรต,ก๋วยเตี๋ยว,บะหมีหมูแดงหมูกรอบ
ไม่อยากกินก๋วยเตี๋ยวน้ำ อยากกินแห้งๆ มีพวกโปรตีนอยู่ด้วย อยากปรุงให้เค็มนิดๆ หวานนิดหน่อย ชอบกินหมู,ก๋วยเตี๋ยว,บะหมีหมูแดงหมูกรอบ
ก๋วยเตี๋ยวกับน้ำซุป มีความมันของกระเทียมและเส้นหมี่สีเหลือง กินคู่กับหมูแดง,ก๋วยเตี๋ยว,บะหมีหมูแดงหมูกรอบ
อาหารที่มีเส้นที่นุ่ม หาซื้อได้ทั่วไป เมนูเส้นๆ กินได้ตลอด มีความโดดเด่นของหมูที่มีสีแดง หรือหมูกรอบเป็นชิ้นๆ,ก๋วยเตี๋ยว,บะหมีหมูแดงหมูกรอบ
สามารถทำได้จากการลวกเส้นและใส่น้ำซุป ใส่หมูแดงหรือหมูกรอบสีสันสดใสและฉูดฉาดประกอบด้วยซุปกระดูกหมูเส้นบะหมี่ผักกวางตุ้ง,ก๋วยเตี๋ยว,บะหมีหมูแดงหมูกรอบ
ก๋วยเตี๋ยวแห้งที่มีสีเหลืองทอง มีผักสีเขียวและหมูสีแดง เสิร์ฟพร้อมเครื่องปรุง เช่น พริกไทย หรือ พริกน้ำส้ม,ก๋วยเตี๋ยว,บะหมีหมูแดงหมูกรอบ
สามารถหาซื้อได้ตามร้านชายสี่ มีขายอยู่ทั่วไป ราคาไม่แพง เหมาะแก่การซื้อกินเวลาเร่งรีบ เป็นอาหารประเภทเส้นสีเหลือง,ก๋วยเตี๋ยว,บะหมีหมูแดงหมูกรอบ
ก๋วยเตี๋ยวที่มีหมูแดงหรือหมูกรอบสามารถกินได้อร่อยทั้งแบบแห้งและแบบน้ำ ละมีกระเทียมหอม ๆ,ก๋วยเตี๋ยว,บะหมีหมูแดงหมูกรอบ
อยากกินก๋วยเตี๋ยวที่เป็นจุดขายของร้านชาย 4,ก๋วยเตี๋ยว,บะหมีหมูแดงหมูกรอบ
เบื่อแล้วข้าวหมูแดง-หมูกรอบ ไม่มีน้ำซุปกินให้โล่งคอ แต่ยังอยากกินหมูกรอบอยู่แต่อยากได้น้ำกับเส้นด้วย,ก๋วยเตี๋ยว,บะหมีหมูแดงหมูกรอบ
ก๋วยเตี๋ยวที่มีเนื้อทั้ง 2 ชนิดอยู่ในชามเดียวกันโดยมีแน่ที่กรอบกับเนื้อที่ชุ่มช่ำในชามเดียวกัน,ก๋วยเตี๋ยว,บะหมีหมูแดงหมูกรอบ
ตอนเย็นๆ หลังจากออกมาบ้านหรือกลับจากที่ทำงานอยากกินอาหารประเภทน้ำแต่ไม่รู้จะกินอะไร,ก๋วยเตี๋ยว,บะหมีหมูแดงหมูกรอบ
อาหารที่ประกอบไปด้วยถั่วเหลืองที่นำมาทำเป็นเส้นกินคู่กับน้ำซุปแล้วเนื้อหมูทอดกรอบ,ก๋วยเตี๋ยว,บะหมีหมูแดงหมูกรอบ
ก๋วยเตี๋ยวที่เป็นที่นิยมของคนที่ชอบข้าวหมูแดงกับหมูกรอบ,ก๋วยเตี๋ยว,บะหมีหมูแดงหมูกรอบ
ถ้าต้องการอาหารประเภทน้ำที่มีเส้นอยู่ด้วยแล้วให้พลังงานเยอะเพราะมีไขมันกับโปรตีนและคาโบไฮเดรต,ก๋วยเตี๋ยว,บะหมีหมูแดงหมูกรอบ
ก๋วยเตี๋ยวที่จะดึงความอร่อยมาจากน้ำซุปที่เคี่ยวนานผสมกับหมูกรอบหรือหมูแดงเป็นวัตถุดิบหลัก,ก๋วยเตี๋ยว,บะหมีหมูแดงหมูกรอบ
เป็นก๋วยเตี๋ยวข้างทางที่เห็นได้ทั่วไปและครอบคลุมทั้งหมดทุกจังหวัดในประเทศไทย,ก๋วยเตี๋ยว,บะหมีหมูแดงหมูกรอบ
ก๋วยเตี๋ยวที่ให้ความสดชื่นและความชุ่มช่ำจากเนื้อสัตว์น้ำซุปที่เคี่ยวมานานและเส้นที่เป็นบะหมี่ก้อน,ก๋วยเตี๋ยว,บะหมีหมูแดงหมูกรอบ
ก๋วยเตี๋ยวที่เราสามารถทำเองได้เพราะใช้วัตถุดิบน้อยแต่จะใช้เวลาทำที่นานเพราะต้องเคี่ยวน้ำซุปและทอดหมูกรอบ,ก๋วยเตี๋ยว,บะหมีหมูแดงหมูกรอบ
อยากกินก๋วยเตี๋ยวอะไรก็ได้ที่มีเส้นบะหมี่ผสมอยู่ในก๋วยเตี๋ยวอยู่ด้วย,ก๋วยเตี๋ยว,บะหมีหมูแดงหมูกรอบ
อยากกินหมูแดง หมูกรอบแต่ไม่อยากินข้าวมีเมนูอะไรแนะนำมั้ย,ก๋วยเตี๋ยว,บะหมีหมูแดงหมูกรอบ
อยากกินเมนูเส้นสีเหลืองๆ ที่ราดด้วยน้ำสีแดงๆ รสหวานๆ,ก๋วยเตี๋ยว,บะหมีหมูแดงหมูกรอบ
อยากกินก๋วยเตี๋ยวแห้งรสหวานๆ ไม่เผ็ดช่วยแนะนำเมนูให้ฉันหน่อย,ก๋วยเตี๋ยว,บะหมีหมูแดงหมูกรอบ
ฉันอยากรู้ว่าก๋วยเตี๋ยวที่สั่งแห้งรสหวานๆ แล้วมีนำซุปแยกเอาไวซดคือเมนูอะไร,ก๋วยเตี๋ยว,บะหมีหมูแดงหมูกรอบ
อยากกินบะหมี่แห้ง ไม่เผ็ดช่วยบอกฉันหน่อยว่ามันคือเมนูอะไร,ก๋วยเตี๋ยว,บะหมีหมูแดงหมูกรอบ
เมนูที่มีเส้นสีเหลืองๆ เขียวๆ ราดด้วยนำสีแดงๆ มีน้ำซุปให้มากินคู่กัน,ก๋วยเตี๋ยว,บะหมีหมูแดงหมูกรอบ
ก๋วยเตี๋ยวที่ใช้เส้นบะหมี่ กินง่ายๆ ลื่นๆ มีเนื้อหมู มีผัก แล้วก็ราดด้วยน้ำอะไรซํกอย่าง,ก๋วยเตี๋ยว,บะหมีหมูแดงหมูกรอบ
อยากกินเมนูที่เป็นเส้นที่ขายมักขายคู่กับเมนูข้าวหมูแดง หมูกรอบ,ก๋วยเตี๋ยว,บะหมีหมูแดงหมูกรอบ
ฉันเป็นคนไม่กินเผ็ดแต่อยากกินก๋วยเตี๋ยวที่กินง่ายๆ ไม่เผ็ด ถ้ามีพวกเกี๊ยวด้วยจะดีมาก,ก๋วยเตี๋ยว,บะหมีหมูแดงหมูกรอบ
เมนูประเภทเส้นที่่หาได้ง่าย กินได้ทุกเพศทุกวัย มีทั้งผัก ทั้งเนื้อสัตว์อแล้วก็ไม่เผ็ด,ก๋วยเตี๋ยว,บะหมีหมูแดงหมูกรอบ
อาหารที่เป็นเส้นจะกินแห้งก็ได้หรือจะมีราดน้ำซุปก็ได้ ใส่เนื้อหมู กระเทียมเจียว ผักใบเขียนนิดหน่อย,ก๋วยเตี๋ยว,บะหมีหมูแดงหมูกรอบ
ก๋วยเตี๋ยวแห้งที่ราดน้ำแดงๆหวานๆ ใส่เนื้อหมู ใส่เกี๋ยว,ก๋วยเตี๋ยว,บะหมีหมูแดงหมูกรอบ
อาหารที่เข้มข้นเหมือนซุปก๋วยเตี๋ยว ซุปน้ำข้นๆจากเนื้อและผัก เครื่องเทศประกอบไปด้วยเนื้อ ลูกชิ้น เนื้อเปื่อย ผ้าขี้ริ้ว ผัก ถั่วงอก มีโปรตีน เน้นๆ วิตามินเยอะ,ก๋วยเตี๋ยว,เกาเหลา
คลุกข้าวแล้วอร่อยสามารถทำได้โดยต้มเนื้อต้มผักต้มลูกชิ้นนำใส่จานป็นอาหารที่สามารถพบได้ทั่วไปและราคาถูก กินได้ง่ายได้ทุกวัย และอยู่คู่กับคนไทยมานาน,ก๋วยเตี๋ยว,เกาเหลา
เป็นก๋วยเตี๋ยวที่เน้นกินกับข้าวมีความเค็มและมีเนื้อดับเป็นส่วนประกอบหลัก โปรตีนเยอะ มีน้ำซุปที่อร่อยมาก,ก๋วยเตี๋ยว,เกาเหลา
เน้นส่วนประกอบที่เป็นเนื้อต้มสามารถปรุงรสที่หลากหลาย มีความเข้มข้นสามารถกินได้คนเดียว สามารถหากินได้ทั่วไป,ก๋วยเตี๋ยว,เกาเหลา
มีราคาที่ข่อนข้างแพงอีกทั้งยังนิยมสั่งพร้อมกับข้าวเสมอ แต่ก็มีเนื้อที่เยอะและรสชาติที่กลมกล้อม,ก๋วยเตี๋ยว,เกาเหลา
เป็นก๋วยเตี๋ยวที่ไม่มีเส้นสามารถเรียกได้ว่าต้มเลือดหมู เนื่องจากประกอบไปด้วยส่วนต่าง ๆ ของหมูที่เยอะทำให้ได้โปรตีนมาก,ก๋วยเตี๋ยว,เกาเหลา
เป็นอาหารที่มีความเป็นไทยเน้นรสชาติที่เค็มและกินคู่กับข้าว,ก๋วยเตี๋ยว,เกาเหลา
อาหารที่มีน้ำข้นๆจากเนื้อและผัก เครื่องเทศที่มีกลิ่นที่หอมมาก ,ก๋วยเตี๋ยว,เกาเหลา
อาหารที่ไม่มีเส้น มีแต่เนื้อและลูกชิ้น เหมาะแก่การกินคนเดียวเนื่องจากมีราคาที่สูง,ก๋วยเตี๋ยว,เกาเหลา
ก๋วยเตี๋ยวน้ำซุปหอมเข้มข้น เนื้อเปื่อยนุ่มลิ้น ผักหวานผสมกลมเกลี่ยวกันอย่างลงตัวกับข้าวร้อน ๆ ,ก๋วยเตี๋ยว,เกาเหลา
ก๋วยเตี๋ยวที่มีโปรตีนสูงมาก มีความหอมของเครื่องปรุงและผัก แต่คาร์โบไฮเดรตน้อยเนื้องจากไม่มีเส้น,ก๋วยเตี๋ยว,เกาเหลา
ก๋วยเตี๋ยวที่ขาดข้าวไม่ได้ รสชาติเค็มเป็นส่วนใหญ่เหมาะสำหรับคนที่ต้องการกินน้ำซุปเป็นอย่างมาก,ก๋วยเตี๋ยว,เกาเหลา
อยากกินก๋วยเตี๋ยวคู่กับข้าวสวย ไม่ชอบกินเส้น มีพวกเนื้อหรือเครื่องในผสมอยู่ในน้ำซุป ได้ปริมาณที่เยอะ ใส่ผัก เช่น ตำลึง,ก๋วยเตี๋ยว,เกาเหลา
"อาหารที่ไม่มีเส้น มีแต่เนื้อ, ลูกชิ้น, และเครื่องใน เหมาะแก่การกินคนเดียวหากต้องการอิ่ม เนื่องจากสามารถกินคู่กับอาหารอื่นๆ ได้",ก๋วยเตี๋ยว,เกาเหลา
สามารถเก็บไว้กินทีหลังได้ โดยนำมาอุ่นหลังจากแช่เย็น สามารถเลือกวัตถุดิบได้ เช่น หมูชิ้น หมูสับ หมูกรอบ หมูเด้ง อีกทั้งยังมีผักหรือลูกชิ้นผสมไปด้วย,ก๋วยเตี๋ยว,เกาเหลา
มีลักษณะเป็นกับข้าว สามารถกินได้ทั้งครอบครัวขึ้นอยู่กับปริมาณ เหมาะแก่ผู้ที่ต้องการโปรตีนสูง ,ก๋วยเตี๋ยว,เกาเหลา
ไม่ชอบกินเส้น อยากกินเนื้อสัตว์ ลูกชิ้น และเครื่องในแบบอยู่ในน้ำซุปร้อนๆ เดือดๆ สามารถทำให้อิ่มไปยาวๆ ได้ ,ก๋วยเตี๋ยว,เกาเหลา
ก๋วยเตี๋ยวที่ไม่มีเส้นแต่จะประกอบไปด้วยเนื้อสัตว์และผักต่างๆ กินตอนร้อนๆ สามารถซดซุปได้ ช่วยให้อิ่มยิ่งกว่าก๋วยเตี๋ยวทั่วไป,ก๋วยเตี๋ยว,เกาเหลา
อยากกินน้ำซุปเค็มนิดๆ คู่กับหมูสับ ตำลึง กินคู่กับข้าวสวยร้อนๆ สามารถโรยพริกไทยหรือกระเทียมเจียวเพิ่มความหอมอร่อยได้,ก๋วยเตี๋ยว,เกาเหลา
สารอาหารจะอยู่ที่โปรตีนจากเนื้อสัตว์ วิตามินจากผัก และความสดชื่นจากน้ำซุปร้อนๆ เป็นหลัก เหมาะแก่การกินหนึ่งหรือสองคน,ก๋วยเตี๋ยว,เกาเหลา
อาหารประเภทน้ำ มีวัตถุดิบมากมาย เช่น เนื้อสับ หมูกรอบ ลูกชิ้น กินคู่กับข้าว ช่วยให้อยู่ท้องได้ทั้งวัน,ก๋วยเตี๋ยว,เกาเหลา
เหมาะสำหรับคนป่วย สามารถซดน้ำได้คล่องคอ สามารถใส่วัตถุดิบเพิ่มได้ถ้าต้องการ,ก๋วยเตี๋ยว,เกาเหลา
เป็นอาหารที่จะถูกใส่ไว้ในถ้วยใบใหญ่ มีน้ำซุปใส รถชาติเค็ม จืด สามารถปรุงเพิ่มได้,ก๋วยเตี๋ยว,เกาเหลา
ถ้าต้องการโปรตีนหลังจากออกกำลังกาย สามารถเพิ่มปริมาณข้าวเพิ่มคาโบไฮเดรตได้,ก๋วยเตี๋ยว,เกาเหลา
เป็นก๋วยเตี๋ยวที่ต้องกินพร้อมกับข้าวสวยหรือข้าวต้มด้วยกันเพื่อความอิ่มท้อง,ก๋วยเตี๋ยว,เกาเหลา
ก๋วยเตี๋ยวที่ไม่มีเส้นแต่จะประกอบไปด้วยเนื้อสัตว์และผักต่างๆ มากกว่าเป็นส่วนใหญ่,ก๋วยเตี๋ยว,เกาเหลา
อยากกินข้าวเปล่ากับเนื้อสัตว์และก็ผักแต่ก็อยากกินน้ำซุปด้วยเพื่อให้โล่งคอ,ก๋วยเตี๋ยว,เกาเหลา
ก๋วยเตี๋ยวที่กินด้วยกันหลายคนได้ขอแค่มีข้าวเปล่าก็นั่งกินกับทุกคนในครอบครัวได้,ก๋วยเตี๋ยว,เกาเหลา
ถ้ากินอาหารน้ำนี้ไม่หมดสามารถเก็บใส่ตู้เย็นแล้วมากินวันหลังได้เพราะไม่อืดแน่นอน,ก๋วยเตี๋ยว,เกาเหลา
สารอาหารจะอยู่ที่โปรตีนจากเนื้อสัตว์ วิตามินจากผัก และความสดชื่นจากน้ำซุปร้อนๆ เป็นหลัก,ก๋วยเตี๋ยว,เกาเหลา
เป็นก๋วยเตี๋ยวที่ราคาแพงที่สุดในร้านเมื่อเทียบจากการสั่งถ้วยธรรมดาเหมือนกัน,ก๋วยเตี๋ยว,เกาเหลา
เป็นอาหารที่จะถูกใส่ไว้ในถ้วยใบใหญ่ที่มีความหลากหลายของเนื้อ ผักต่างๆ รวมไปถึงลูกชิ้นต่างๆ,ก๋วยเตี๋ยว,เกาเหลา
ถ้าต้องการโปรตีนหลังจากออกกำลังกายเสร็จโดยที่ไม่ต้องการแป้งเข้าร่างกายและยังต้องการน้ำที่จะกินคู่กัน,ก๋วยเตี๋ยว,เกาเหลา
เป็นอาหารที่แพงสุดแต่ก็เป็นอาหารที่ถูกถ้าเราแบ่งกินกับข้าวแต่ละมื้อ,ก๋วยเตี๋ยว,เกาเหลา
อาหารประเภทน้ำกับเนื้อสัตว์และผักที่กำเนิดมาจากเวียดนามคิดค้นขึ้นมาจากนครฮอยอัน,ก๋วยเตี๋ยว,เกาเหลา
อาหารน้ำที่นิยมนำมาทำเป็นหม้อไฟถ้ามีส่วนผสมที่เยอะพร้อมกับจำนวนคนกินที่เยอะ,ก๋วยเตี๋ยว,เกาเหลา
อยากกินน้ำซุปแบบก๋วยเตี๋ยวแต่ไม่อยากกินเส้นมีเมนูอะไรแนะนำมั้ย,ก๋วยเตี๋ยว,เกาเหลา
อยากกินน้ำซุปก๋วยเตี๋ยวกับข้าวเปล่า,ก๋วยเตี๋ยว,เกาเหลา
เมนูที่คล้ายๆ ก๋วยเตี๋ยวแต่ไม่มีเส้น มีแต่เนื้อสัตว์ ลูกชิ้น เครื่องใน,ก๋วยเตี๋ยว,เกาเหลา
วันนี้ไม่อยากกินเส้นเท่าไหร่แต่ยังอยากได้รสชาติคล้ายๆ ก๋วยเตี๋ยวอยู่ช่วยแนะนำเมนูให้ฉันหน่อย,ก๋วยเตี๋ยว,เกาเหลา
วันนี้ี้ัฉันมีข้าวเหลืออยู่ช่วยแนะนำเมนูที่เป็นน้ำๆ มีเนื้อ มีเครื่องใน มีผักที่มากินกับข้าวแล้วเข้ากันหน่อย,ก๋วยเตี๋ยว,เกาเหลา
เป็นอาหารที่ค่อนข้างดีต่อสุขภาพกินได้ไม่เบื่อ มีเนื้อ มีผัก มีลูกชิ้นแต่ไม่ใส่เส้น,ก๋วยเตี๋ยว,เกาเหลา
เมนูที่ร้านก๋วยเตี๋ยวที่สั่งมากกินคู่กับข้าวเปล่า,ก๋วยเตี๋ยว,เกาเหลา
อาหารที่่กินกับข้าวเปล่ามีให้น้ำให้เลือกเยอะมีทั้ง น้ำตก เนื้อตุ๋น เลือดหมู,ก๋วยเตี๋ยว,เกาเหลา
อาหารที่ใช้น้ำซุปก๋วยเตี๋ยวแถมยังมีเครื่องที่ใส่ไปหลายอย่างมีทั้ง เนื้อ ลูกชิ้น เนื้อเปื่อย ตับ ผ้าขี้ริ้ว มีสารอาหารแน่นๆ,ก๋วยเตี๋ยว,เกาเหลา
ิอยากกินอาหารรสจัดที่ได้โปรตีน แถมยังไฟเบอร์และวิตามินจากผัก,ก๋วยเตี๋ยว,เกาเหลา
อาหารประเภทซุป มีใส่ เนื้อ หมู ลูกชิ้น ผัก กินคู่กับข้าว ที่ถ้ากินไม่หมดสามารถเก็บไปกินมื้ออื่นแล้วยังอร่อยอยู่,ก๋วยเตี๋ยว,เกาเหลา
เมนูในร้านก๋วยเตี๋ยวที่สั่งมา 1 ที่เพื่อกินคนเดียว หรือเพิ่มข้าวเพิ่มแล้วแบ่งกันกินก็ได้,ก๋วยเตี๋ยว,เกาเหลา
เป็นอาหารที่มีรสชาติเนื้อเค็มๆ มีเปรี้ยวจากมะเขือเทศมีเส้นนิ่มๆ คู่กับ เนื้อเหนียวๆเป็นสปาเกตตี มาจากประเทศอิตาลี คาร์โบไฮเดรตเยอะ ตามด้วยโปรตีนและไขมัน,สปาเกตตี,สปาเกตตีมีทบอล
อาหารที่มีทบอลก่อนจากเนื้อ แล้วต้มเส้น แล้วเอามาผัดรวมกันในซอสจากมะเขือเทศประกอบไปด้วยส้นสีเหลือง ซอสสีแดงๆ และมีเนื้อสีน้ำตาลๆ,สปาเกตตี,สปาเกตตีมีทบอล
อาหารข้มข้นจากซอสมะเขือเทศ และส่วนผสมในซอส รู้สึกชุ่มเมื่อกัดเนื้อเข้าไปในปาก สามารถกินคู่กับซอสได้อย่างเพลิดเพลิน กินได้ที่ร้านอาหาร อิตาลี หรือร้านอาหารทั่วไป,สปาเกตตี,สปาเกตตีมีทบอล
เป็นเส้นลื่นๆ แต่เข้มข้น ไม่ลื่นขนาดเข้าปากแต่นุ่ม ได้เคี้ยวเพลินๆ ประกอบไปด้วยเนื้อ เส้นสปาเกตตี น้ำตาล ผัก ที่นิยมเจอได้ตามร้านสะดวกซื้อ ,สปาเกตตี,สปาเกตตีมีทบอล
อาหารประเภทเส้นสามารถทำได้โดยการลวกเส้นทำซอสมะเขือเทศเคี่ยวข้นๆ ปั้นเนื้อเป็นก้อนๆและผสมเครื่องเทศเป็นอาหารมีเนื้อเป็นส่วนประกอบหลัก ,สปาเกตตี,สปาเกตตีมีทบอล
สปาเกตตีกับมีตบอลมีลักษณะเป็นเส้นและเนื้อผิวขรุขระและมีซอสทำจากเส้นสปาเกตตีและเนื้อรูปร่างมีสีออกส้มกับสีแดง,สปาเกตตี,สปาเกตตีมีทบอล
สามารถหาซื้อได้จากร้านสะดวกซื้อห้างสรรพสินค้าและร้านขายอาหารมีสารอาหารเป็นคารโบไฮเดรตจากแป้งและโปรตีนกับไขมันจากเนื้อ ทำจากแป้งและเนื้อ,สปาเกตตี,สปาเกตตีมีทบอล
ป็นอาหารเส้นที่มีองค์ประกอบหลักที่แป้งที่มาจากเส้น โปรตีนที่มาจากเนื้อสัตว์กลม ,สปาเกตตี,สปาเกตตีมีทบอล
ตอนกินก็รสชาติเปรี้ยวและหวานจากซอสมะเขือ เค็มและมันจากเส้น เห็นแล้วรับรู้ได้ทันทีนื่คืออาหารสไตล์อิตาลี,สปาเกตตี,สปาเกตตีมีทบอล
เส้นเรียวๆราดซอสที่ทำจากมะเขือกินแล้วพร้อมกันหวานๆเค็มๆเปรี้ยวหน่อยๆ มีเนื้อสัตว์กลมเค็มๆที่ส่วนมากก็ทำจากหมู เป็นอาหารสไตล์ยุโรป,สปาเกตตี,สปาเกตตีมีทบอล
สปาเกตตีที่มีเอกลักษณ์ที่จะมีเนื้อสัตว์กลม ๆ มีรสชาติที่เค็ม,สปาเกตตี,สปาเกตตีมีทบอล
อยากได้ความเค็มกับความเหนียวของเนื่อกินคู้กับเส้น และซอสที่ทำจากมะเขือเทศ,สปาเกตตี,สปาเกตตีมีทบอล
อยากกินอาหารฝรั่ง ออกแนวเส้น มีความมันๆ และได้โปรตีนสูง อาจจะมีซอสเข้มข้น และทำได้ไม่ยากถ้ามีวัตถุดิบครบ,สปาเกตตี,สปาเกตตีมีทบอล
มีส่วนผสมเป็นน้ำ น้ำมันมะกอก และเกลือ นำขึ้นตั้งไฟต้มจนน้ำเดือดแล้วใส่เส้นลงไปต้ม หมั่นคนเพื่อไม่ให้เส้นติด ต้มจนเส้นสุก กินคู่กับเนื้อ,สปาเกตตี,สปาเกตตีมีทบอล
อยากกินเนื้อก้อนใหญ่ๆ มีเส้นๆ ราดซอสมะเขือเทศ มีความเค็ม หวานมันเล็กน้อย สามารถโรยเครื่องปรุงได้หลากหลาย,สปาเกตตี,สปาเกตตีมีทบอล
กลิ่นหอมๆ ของใบออริกาโน กินคู่กับเนื้อบดเป็นก้อนๆ และเส้นมีความอัลเดนเต้ ราดซอสเข้มข้น มีผักน้อยๆ,สปาเกตตี,สปาเกตตีมีทบอล
เนื้อบด ไข่ พริกไทยป่น ใบออริกาโนแห้ง แป้งมัน น้ำมันมะกอก เส้นสปาเกตตี หอมใหญ่ มะเขือเทศ กระเทียม เกลือ ลวกเส้นใส่เนื้อบดเป็นก้อนปรุงสุก ราดซอสทานได้เลย,สปาเกตตี,สปาเกตตีมีทบอล
สปาเกตตีกับมีทบอลมีลักษณะเป็นเส้นและเนื้อผิวขรุขระและมีซอสทำจากมะเขือเทศกับหอมใหญ่ และเนื้อรูปร่างมีสีออกน้ำตาลเข้มผสมสีแดง,สปาเกตตี,สปาเกตตีมีทบอล
ซอสมะเขือเทศ รู้สึกชุ่มเมื่อกัดเนื้อเข้าไปในปาก สามารถกินคู่กับซอส กินได้ที่ร้านอาหารอิตาลี หรือร้านอาหารฟิวชันทั่วไป,สปาเกตตี,สปาเกตตีมีทบอล
อาหารประเภทเส้นที่มาจาก อิตาเลียน-อเมริกัน เด็กและผู้ใหญ่สามารถกินได้และมีเนื้อสัตว์ก้อนทรงกลม,สปาเกตตี,สปาเกตตีมีทบอล
เอาเนื้อมาบดเป็นลักษณะเนื้อเนียน ผสมเครื่องเทศหอมรสเค็ม ซึ่งจะผสมผสานกับรสของซอสมะเขือเทศ และพริกไทยดำเล็กน้อยกับเส้นสปาเกตตี,สปาเกตตี,สปาเกตตีมีทบอล
มีน้ำมันมะกอก เส้นพาสต้า พริกไทย เกลือ เนื้อสัตว์และกระเทียม อยากกินสปาเกตตีที่มีโปรตีนและคาร์โบไฮเดรต ,สปาเกตตี,สปาเกตตีมีทบอล
อยากกินมีตบอลที่มีรูปร่างเป็นเส้นและเนื้อผิวขรุขระและมีซอสราด กินคู่กับเส้นหนานุ่ม มีรสชาติเค็มจากเนื้อ และหวานมันจากเส้น,สปาเกตตี,สปาเกตตีมีทบอล
รสชาติเปรี้ยวและหวานจากซอสมะเขือเทศ เค็มและมันจากเส้น เห็นแล้วรับรู้ได้ทันทีนื่คืออาหารสไตล์อิตาลีดั้งเดิม ,สปาเกตตี,สปาเกตตีมีทบอล
อยากกินอาหารจำพวกเส้นที่มีเนื้อสัตว์ผสมด้วยโดยจะมีลักษณะแห้งๆ แล้วราดด้วยซอสต่างๆ บนเส้น,สปาเกตตี,สปาเกตตีมีทบอล
อาหารจำพวกเส้นที่มาจากอิตาเลียน-อเมริกัน เด็กและผู้ใหญ่สามารถกินได้และมีเนื้อสัตว์ก้อนวงกลมเป็นจุดเด่น,สปาเกตตี,สปาเกตตีมีทบอล
เป็นอาหารที่จะนำเนื้อสัตว์มาปั้นเป็นก้อนกินคู่กับเส้นพาสต้าและซอสมะเขือเทศ,สปาเกตตี,สปาเกตตีมีทบอล
อาหารที่นำเนื้อมาทำเป็นลักษณะเนื้อกลีบเนื้อเนียนเนื้อหอมรสเค็ม ซึ่งจะผสมผสานกับรสของซอสมะเขือเทศ และพริกไทยดำเล็กน้อยกับเส้นสปาเกตตี,สปาเกตตี,สปาเกตตีมีทบอล
สปาเกตตีที่มีซอสสีแดงๆ หรือซอสมะเขือเทศรวดอยู่บนเส้นสปาเกตตีที่มีท้อปปิ้งเป็นมีทบอลวางอยู่บนจาน,สปาเกตตี,สปาเกตตีมีทบอล
อาหารจำพวกเส้นสปาเกตตีที่ให้โปรตีนสูงมาจากเนื้อสัตว์ที่มาทำเป็นลูกกลมๆ,สปาเกตตี,สปาเกตตีมีทบอล
อาหารที่คนออกกำลังกายอยากกินเสร็จผสมด้วยเนื้อสัตว์และเส้นสปาเกตตี,สปาเกตตี,สปาเกตตีมีทบอล
อาหารสปาเกตตีที่มีการทำ 3 ขั้นตอนคือการที่นำเนื้อสัตว์ไปทอดกับการที่เคี่ยวซอสมะเขือเทศและการต้มเส้นพาสต้า,สปาเกตตี,สปาเกตตีมีทบอล
ถ้าที่บ้านเรามีน้ำมันมะกอก เส้นพาสต้า พริกไทย เนื้อสัตว์และกระเทียม เราอยากกินสปาเกตตีที่มีโปรตีนและคาร์โบไฮเดรต,สปาเกตตี,สปาเกตตีมีทบอล
สปาเกตตีที่มีรากฐานมาจากก๋วยเตี๋ยวของจีนนำมาปรับแต่งจนมาทำเป็นอาหารของประเทศอิตาเลี่ยน-อ้มริกันของตัวเอง,สปาเกตตี,สปาเกตตีมีทบอล
อาหารที่มีาร์โคโปโล ชาวเมืองเวนิส นำมาเผยแพร่ในอิตาลีจนเป็นที่นิยมในเวลาต่อมา,สปาเกตตี,สปาเกตตีมีทบอล
สปาเกตตีที่มีสีแดงฉูดฉาดเป็นเอกลักษณะของจานนี้แต่ต่างจากซอสอื่นๆ ที่มีสีเป็นมิตรกับคนกิน,สปาเกตตี,สปาเกตตีมีทบอล
อยากกินเมนูเส้นที่ใส่เนื้อที่ปั้นเป็นก้อนกลมๆ,สปาเกตตี,สปาเกตตีมีทบอล
สปาเกตตีที่ใส่ซอสแดง และมีจุดเด่นที่มีเนื้อที่ปั้นเป็นลูกกลมอยู่ในจานด้วย,สปาเกตตี,สปาเกตตีมีทบอล
อาหารเส้นอะไรที่มีการใช้เส้นทั้งแบบแบน แบบกลม มีเนื้อเป็นก้อนๆ,สปาเกตตี,สปาเกตตีมีทบอล
ฉันอยากกินสปาเกตตีที่ได้กินเนื้อแน่นๆ เยอะๆ,สปาเกตตี,สปาเกตตีมีทบอล
สปาเกตตีที่ใส่ซอสสีแดง แล้วเหมือนมีก้อนอะไรซักอย่างวางอยู่ด้วยกันในจาน,สปาเกตตี,สปาเกตตีมีทบอล
มีส่วนผสมเป็นเนื้อบด ไข่ ออริกาโน น้ำมันมะกอก เส้นสปาเกตตี หอมใหญ่ มะเขือเทศ กระเทียม เกลือ,สปาเกตตี,สปาเกตตีมีทบอล
อยากสปาเกตตีได้โปรตีนเยอะๆ หน่อย,สปาเกตตี,สปาเกตตีมีทบอล
รสชาติเข้มข้นจากซอสมะเขือเทศ เนื้อที่เมื่อกักเข้าไปในปากและได้ความรู้สึกชุ่มฉ่ำอย่างบอกไม่ถูก,สปาเกตตี,สปาเกตตีมีทบอล
อยากกินสปาเกตตีซอสมะเขือเทศ ที่มีมีทบอลวางอยู่บนจาน,สปาเกตตี,สปาเกตตีมีทบอล
อาหารที่เอา 2 เมนูมาผสมรวมกันคือสปาเกตตีซอสแดง กับมีทบอล,สปาเกตตี,สปาเกตตีมีทบอล
ฉันอยากอาหารที่ได้ทั้งคาร์โบไฮเดรต และโปรตีนเยอะๆ หน่อยฉันควรกินอะไรดี,สปาเกตตี,สปาเกตตีมีทบอล
อาหารอะไรซักอย่างที่เป็นเส้นๆ แล้วมีเนื้อสัตว์ปั้นเป็นก้อนกลมๆ วางอยู่ในจานด้วย,สปาเกตตี,สปาเกตตีมีทบอล
อาหารรสชาติหวานๆ มันๆ หอมชีสประกอบด้วยเส้นนิ่มๆ มันๆ ประกอบด้วยการต้มเส้น ใส่ครีม ใส่ชีส ใส่เห็ด ใส่เบคอน,สปาเกตตี,สปาเกตตีคาโบนาร่า
อาหารส่วนใหญ่เป็นสีเหลือง จากสีเส้นและสีซอส แล้วก้มีสีน้ำตาลของเบคอนมาจากอิตาลี ประกอบไปด้วยคาร์โบไฮเดรต ไขมัน โปรตีนนิดๆ มี แป้ง ไข่ เบคอน ชีส,สปาเกตตี,สปาเกตตีคาโบนาร่า
อาหารสไตล์อิตาลีที่มีองค์ประกอบหลักทำจากเส้น อื่นๆเป็นเนื้อสัตว์ที่ถูกหั่นเป็นชิ้นเล็กๆอาจจะเป็นแฮมหรือเบคอน ,สปาเกตตี,สปาเกตตีคาโบนาร่า
อาหารที่มีซอสสีขาวๆราดอยู่เล็กน้อยหรือมากก็ได้มีรสชติหวามเค็มมากๆ มีผักอยู่บ้าง มีการโรยชีสและมีแฮม,สปาเกตตี,สปาเกตตีคาโบนาร่า
เป็นอาหารที่มีเส้นเรียวๆเหลืองๆมีแฮมชิ้นเล็กกระจายรอบๆราดซอสสีขาวมีการโรยชีสตกแต่งด้วยผักนิดหน่อย  ,สปาเกตตี,สปาเกตตีคาโบนาร่า
สปาเกตตีที่เห็นแล้วรู้สึกได้ทันว่าป็นอาหารสไตล์ยุโรป แพง ต้องรอนาน ไม่ดีต่อสุขภาพ รสชาติหวาน เค็ม และมัน,สปาเกตตี,สปาเกตตีคาโบนาร่า
อาหารประเภทเส้นที่กินกับแฮมมีความเค็มและความมัน สามารถหาซื้อได้ที่ร้านอาหารอิตาลี,สปาเกตตี,สปาเกตตีคาโบนาร่า
อาหารที่มีส่วนผสมคือไข่และซีสหอม ๆ กับครีมซอสที่เข้มข้นน่ากินมาก,สปาเกตตี,สปาเกตตีคาโบนาร่า
ิอาหารที่ใส่นมและครีม และจะได้รสชาติกลมกล่อมจาก เบค่อน ไข่ และพาเมซานชีส ผ่านการปรุงสุดพิถีพิถันเกิดเป็นอาหารที่อร่อยติดใจ,สปาเกตตี,สปาเกตตีคาโบนาร่า
สปาเกตตีที่นำเบคอนหรือแฮมไปหั่นเป็นชิ้นพอดีคำ ใส่น้ำมันมะกอก ใช้ไฟอ่อนเจียวกับเบคอนไปเรื่อยๆจนเบคอนสุกกรอบ,สปาเกตตี,สปาเกตตีคาโบนาร่า
อาหารจานเด็ดมีเบคอนไข่ไก่ใส่ชามแล้วตีให้เข้ากันจนเนียน นำพาเมซานชีสมาขูดให้เป็นเส้นฝอย ปรุงรสด้วยพริกไทย และเกลือ คนผสมให้เข้ากันอย่างลงตัว,สปาเกตตี,สปาเกตตีคาโบนาร่า
สปาเกตตีหอมอร่อยกลมกล่อม ครีมซอสคาโบนาร่า โรยด้วยพาเมซานชีสขูด ร้อนๆ ,สปาเกตตี,สปาเกตตีคาโบนาร่า
ในช่วงที่ชาวอิตาลีประสบภาวะขาดแคลนเครื่องอุปโภคบริโภคอย่างหนัก ทำให้พ่อครัวเอาไข่ผงที่ทหารอเมริกันส่งมาให้มาผสมกับสปาเกตตีที่เป็นอาหารประจำชาติจนเกิดเป็นเมนูนี้ขึ้นมา,สปาเกตตี,สปาเกตตีคาโบนาร่า
อาหารสไตล์อิตาเลียนรสชาติกลมกล่อม ฟินจนลืมอ้วนเลย แค่ทำตามขั้นตอนง่ายๆ ก็สามารถกินได้แล้ว มีพวก เบคอน น้ำมันมะกอก เนย ชีสพาร์เมซาน แล้วก็พวกเส้น,สปาเกตตี,สปาเกตตีคาโบนาร่า
ตั้งหม้อต้มน้ำให้เดือด ใส่เกลือและน้ำมันมะกอก แล้วใส่เส้น คนให้เส้นจมน้ำหมดทุกเส้น นำเส้นไปแช่น้ำเย็น ทำให้แห้งแล้วคลุกกับน้ำมันพืช แล้วนำไปผัด ใส่ไข่ แฮม ราดด้วยชีส,สปาเกตตี,สปาเกตตีคาโบนาร่า
อาหารเส้น ไม่เปียกแฉะ หรือมีน้ำราดท่วม มีเนื้อหมู เช่น แฮม เบคอน มีชีสโรยหน้า สามารถปรุงรสเองได้ รสชาติเค็มนิดๆ,สปาเกตตี,สปาเกตตีคาโบนาร่า
เป็นสปาเกตตีที่กินแล้วจะให้ความรู้สึกสดชื่น สีและรสชาติของสปาเกตตีซอสครีมสีขาว แต่จะมีความนัวชีสมากกว่า,สปาเกตตี,สปาเกตตีคาโบนาร่า
ชอบอาหารสไตล์อิตาเลี่ยน เช่นเมนูสปาเกตตีต่างๆ แต่ขอชีสเข้มข้นแต่ไม่เลี่ยน มีเบคอนกรอบโรยมาเยอะมาก อร่อยๆ ,สปาเกตตี,สปาเกตตีคาโบนาร่า
อยากกินเบคอน แฮม มีเส้นๆ ชีส ผักน้อย รสชาติหวานมัน เค็มกำลังดี ทำไม่ยาก และใช้เวลาไม่นานเกินไป มีความหอมพริกไทย หรือสมุนไพรอื่นๆ ได้ยิ่งดี,สปาเกตตี,สปาเกตตีคาโบนาร่า
เป็นอาหารจำพวกเส้นสไตล์อิตาลีที่มีวางขายทั่วไปตาม 7-11 สามารถซื้อมากินแล้วอุ่นทานได้ทันที กินง่าย เส้นมีความมัน เหนียวหนุบ,สปาเกตตี,สปาเกตตีคาโบนาร่า
อยากกินเส้น มีชีสที่เค็มๆ ผสมกับหมูทอด หรือเบคอนแผ่น มีขั้นตอนการลวกเส้น น็อคเส้น ,สปาเกตตี,สปาเกตตีคาโบนาร่า
สปาเกตตีที่มีส่วนผสมหลักเป็น ไข่ กวันชาเล พริกไทย เนยแข็งเปโกรีโนโรมาโน และเบคอน รสชาติเค็มมันๆ เหมาะแก่การกิน มีถิ่นกำเนิดจากอิตาลี,สปาเกตตี,สปาเกตตีคาโบนาร่า
อยากกินอาหารจำพวกเส้นที่ทำง่ายๆ สไตล์ตะวันตกหรือประเทศอิตาลีโดยในตู้เย็นมีเบคอน ชีส เนย และเส้นพาสต้าอยู่,สปาเกตตี,สปาเกตตีคาโบนาร่า
ส่วนใหญ่เป็นสีโทนเหลือง ทั้งจากซอส ชีส ไข่ ตัดกับสีน้ำตาลเข้มของเบคอนที่กรุบกรอบกำลังดี,สปาเกตตี,สปาเกตตีคาโบนาร่า
อาหารจำพวกเส้นที่มาจากอิตาเลียน-อเมริกัน เด็กและผู้ใหญ่สามารถกินได้และมีเบคอนเป็นจุดเด่น,สปาเกตตี,สปาเกตตีคาโบนาร่า
อาหารสปาเกตตีที่ได้รับความนิยมเมื่อไม่รู้จะกินสปาเกตตีอะไรดี อาหารคนทั่วไป,สปาเกตตี,สปาเกตตีคาโบนาร่า
สปาเกตตีที่มีซอสสีขาวๆ หรือซอสครีมรวดอยู่บนเส้นสปาเกตตีที่มีท้อปปิ้งเป็นเบคอนวางอยู่บนจาน,สปาเกตตี,สปาเกตตีคาโบนาร่า
เป็นอาหารจำพวกเส้นของตะวันตกที่เป็นต้นฉบับของแคว้นลัตซีโย ที่อยู่ในกรุงโรม,สปาเกตตี,สปาเกตตีคาโบนาร่า
เป็นอหารที่เกิดขึ้นในสงครามโลกครั้งที่สอง ที่ขาดแคลนอาหาร พ่อครัวเลยเอาไข่ผงมาผสมกับเส้นสปาเกตตีจนเกิดเป็นอาหาร,สปาเกตตี,สปาเกตตีคาโบนาร่า
สปาเกตตีที่สีเบาๆ ไม่ฉูดฉาดจนเกินไปและยังมีสีขาวๆ ของซอสครีมเป็นสีสปาเกตตีที่ดูเป็นมิตรต่อคนกิน,สปาเกตตี,สปาเกตตีคาโบนาร่า
เป็นสปาเก็ตที่กินแล้วจะให้ความรู้สึกสดชื่นและรู้สึกสงบพร้อมทำงานเหมือนสีและรสชาติของสปาเกตตีซอสครีมสีขาว,สปาเกตตี,สปาเกตตีคาโบนาร่า
เป็นอาหารจำพวกเส้นสไตล์อิตาลี่ที่มีวางขายทั่วไปตาม 7-11 สามารถซื้อมากินแล้วเวฟทานได้เลย,สปาเกตตี,สปาเกตตีคาโบนาร่า
ถ้าเด็กอยากกินอาหารจำพวกสไตล์ตะวันตกควรเริ่มจากกินสปาเกตตีที่รสชาติเป็นกลางและสีดูสดใส,สปาเกตตี,สปาเกตตีคาโบนาร่า
สปาเกตตีที่มีสี่วนผสมหลักเป็น ไข่ กวันชาเล พริกไทย เนยแข็งเปโกรีโนโรมาโน และเบคอน,สปาเกตตี,สปาเกตตีคาโบนาร่า
อยากกินอาหารจำพวกเส้นที่ทำง่ายๆ สไตล์ตะวันตกหรือประเทศอิตาลีโดยในตู้เย็นมีเบคอนอยู่,สปาเกตตี,สปาเกตตีคาโบนาร่า
อยากกินสปาเกตตีที่มีรสชาติหวานน้อย รสชาติเป็นกลางและมีความเค็มปานกลาง สีดูไม่ฉูดฉาด,สปาเกตตี,สปาเกตตีคาโบนาร่า
อาหารที่เป็นเส้นๆ ใส่เบคอน ใส่ครีม ใส่ไข่ ,สปาเกตตี,สปาเกตตีคาโบนาร่า
สปาเก็ตทีมีสีขาวนวลๆ และมีสีน้ำตาลของเบค่อนตัด,สปาเกตตี,สปาเกตตีคาโบนาร่า
สปาเก็ตทีเป็นที่รู้จักเป็นอันอันต้นๆ กินง่ายแต่อาจจะไม่ค่อยเหมาะสำหรับคนที่ไม่ชอบอะไรครีมๆ เท่าไหร่,สปาเกตตี,สปาเกตตีคาโบนาร่า
อาหารประเภทเส้นที่กินกับแฮม เบค่อน แพนเชตต้ามีรสเค็มตัดกับความมันครีม,สปาเกตตี,สปาเกตตีคาโบนาร่า
อาหารเส้นไม่ค่อยดีต่อสุขภาพเท่าไหร่เพราะเป็นอาหารที่ใช้น้ำ มัน ครีม เยอะ,สปาเกตตี,สปาเกตตีคาโบนาร่า
อาหารอิตาลีประเภทเส้น ใส่ครีม ใส่ชีท แล้วมีพวกเนื้อสัตว์แปรรูปเค็มๆ ตัดรส,สปาเกตตี,สปาเกตตีคาโบนาร่า
อาหารส่วนใหญ่เป็นขาวเหลืองนวลๆ ส่วนใหญ่เป็นคาร์โบไฮเดรต ไขมัน มีโปรตีนนิดๆ ,สปาเกตตี,สปาเกตตีคาโบนาร่า
สปาเกตตีที่กินง่ายๆ รสมันๆ เค็มๆ,สปาเกตตี,สปาเกตตีคาโบนาร่า
อยากกินอะไรที่เป็นเส้นไม่ค่อยมีผัก ไม่เผ็ด กินง่ายๆ สำหรับเด็ก,สปาเกตตี,สปาเกตตีคาโบนาร่า
ฉันมีเส้นพาสต้า ครีม ไข่ ชีส ประมาณนี้พอจะทำเมนูอะไรได้มั้ย,สปาเกตตี,สปาเกตตีคาโบนาร่า
สามารถหาซื้อได้จากร้านสะดวกซื้อร้านอาหารทั่วไป มีแป้งและไขมันเยอะ และโปรตีนเล็กน้อย,สปาเกตตี,สปาเกตตีคาโบนาร่า
อยากกินอะไรเส้นๆ รสมันๆ ครีมๆ หากินไม่ยาก,สปาเกตตี,สปาเกตตีคาโบนาร่า
สปาเกตตีผักมีรสชาติเปรี้ยวจากซอสมะเขือเทศสลับกับความหวานของผักเมื่อกินแล้วจะได้ความนุ่มของเส้น ,สปาเกตตี,สปาเกตตีผัก
อาหารที่สามารถทำได้โดยต้องนำเส้นไปต้มก่อน จากนั้นเตรียมซอสและหั่นผักให้เรียบร้อย แล้วนำทุกอย่างมาผัดรวมกันในกระทะ,สปาเกตตี,สปาเกตตีผัก
อาหารที่มีจุดเริ่มต้นที่ประเทศอิตาลีมีวิตามินสูงจากผักใบเขียว และรองลงมาคือคาร์โบไฮเดรตจากเส้นสปาเกตตี ,สปาเกตตี,สปาเกตตีผัก
เป็นอาหารอิตาลีมีเส้นสีเหลืองๆ ใส่ผักเยอะมากอาจจะเป็นผักโขม โรยชีส มีซอสราด รสชาติเค็ม หวาน มีรสผักแก้เลี่ยน ,สปาเกตตี,สปาเกตตีผัก
สปาเกตตีที่มีสีเขียวค่อนข้างเด่น ที่ไม่เนื้อสัตว์เหมาะกับคนที่ไม่อยากกินเนื่อ,สปาเกตตี,สปาเกตตีผัก
อาหารประเภทเส้นที่มีความขมและความหวานเข็มของเส้น ซอสและผัก,สปาเกตตี,สปาเกตตีผัก
อาหารต่างประเทศที่กินง่ายมีเส้น และมีวิตามินที่เยอะมากเมื่อเทียบกับสปาเกตตีประเภทอื่น ๆ ,สปาเกตตี,สปาเกตตีผัก
สปาเกตตีที่มีผักโขมตุ๋นนมสดนุ่มๆผัดกับแฮมไวท์ครีมซอสรสเข้มข้น,สปาเกตตี,สปาเกตตีผัก
อาหารเส้นที่มีผักแถมสีสันดี มีไวท์ซอสเห็ดและผักโขมไว้กินกับเส้นสปาเกตตี ใส่ชีสลงไปฉ่ำๆรสเข้มข้นเครื่องแน่น,สปาเกตตี,สปาเกตตีผัก
อาหารอิตาลีที่ประกอบไปด้วย เส้นสปาเกตตี ผักใบเขียวเช่น ผักกาด แตงกวา แครอท ,สปาเกตตี,สปาเกตตีผัก
สปาเกตตีที่มีสีของเส้นสปาเกตตีสีเหลือง ตัดกับผักสีเขียวสด และซอสสีแดง,สปาเกตตี,สปาเกตตีผัก
อาหารที่ได้ความมันของซอสที่มาคู่กับความกรุบกรอบของผัก เช่นแตงกวา และราดซอสที่ทำจากมะเขือเทศ,สปาเกตตี,สปาเกตตีผัก
อยากกินอาหารเพื่อสุขภาพ มีผัก และมีน้ำตาลจากแป้ง เป็นแป้งเส้นๆ ,สปาเกตตี,สปาเกตตีผัก
ต้องการอาหารสำหรับคุมน้ำหนัก เเต่ยังได้ความสนุกในการกินอยู่ เป็นอาหารที่อยู่ตรงกลางระหว่างสุขภาพและอาหารที่ไม่ค่อยสุขภาพ,สปาเกตตี,สปาเกตตีผัก
อาหารที่สามารถทำได้โดยต้องนำเส้นไปต้มก่อน จากนั้นเตรียมซอสและหั่นผักให้เรียบร้อย แล้วนำทุกอย่างมาผัดรวมกัน พร้อมกิน,สปาเกตตี,สปาเกตตีผัก
อาหารต่างประเทศมีวิตามินสูงจากผักใบเขียว และรองลงมาคือคาร์โบไฮเดรตจากเส้นสปาเกตตี เหมาะแก่ผู้ที่ไม่ต้องการอาหารที่เลี่ยนเกินไป,สปาเกตตี,สปาเกตตีผัก
เป็นอาหารอิตาลีมีเส้นสีเหลืองๆ ใส่ผักเยอะมาก อาจจะเป็นผักโขม โรยชีส มีซอสราด รสชาติเค็ม หวาน,สปาเกตตี,สปาเกตตีผัก
วันนี้ทำงานค่อนข้างเหนื่อย อยากกินอาหารเบาๆ ไม่หนักแบบพิซซ่า แต่ยังมีความอยากกินชีสอยู่ ไม่เอาพวกเนื้อ,สปาเกตตี,สปาเกตตีผัก
อยากกินสปาเกตตีผัก,สปาเกตตี,สปาเกตตีผัก
อยากกินอาหารสไตล์ยุโรปแบบคนรักสุขภาพ สิ่งแรกที่นึกถึงก็คือสปาเกตตีที่มีผักสีเขียว,สปาเกตตี,สปาเกตตีผัก
อยากกินอะไรก็ได้ที่มีชีส ผัก เพราะกินคีโม ขอเมนูทำง่ายๆ ใช้เวลาไม่นาน มีสารอาหารพวกคาโบไฮเดรต,สปาเกตตี,สปาเกตตีผัก
เนื่องที่บ้านมีแต่อาหารจำพวกผักเพราะมันปลูกง่ายแล้วต้องการทำอาหารสไตล์อิตาลี ขอเป็นแนวเส้นๆ,สปาเกตตี,สปาเกตตีผัก
สีเหลืองปนเขียว ส่วนมากเป็นผัก มีเส้นเล็กน้อย ไม่ค่อยมีเนื้อเหลือแล้ว ส่วนมากจะมีแต่พวกหอมใหญ่ หรือพวกเครื่องปรุงรส,สปาเกตตี,สปาเกตตีผัก
สปาเกตตีที่มีส่วนผสมของซอสซีฟู้ดที่มีรสชาติเค็มเปรี้ยว และเครื่องเทศต่างๆ เช่น พริกไทย ผงกระชาย ขิง และผัก,สปาเกตตี,สปาเกตตีผัก
อาหารจำพวกเส้นที่มาจากอิตาเลียน-อเมริกัน เด็กและผู้ใหญ่สามารถกินได้และมีผักหลายชนิดเป็นจุดเด่น,สปาเกตตี,สปาเกตตีผัก
สปาเกตตีที่คนที่เป้นมังสวิรัติสามารถกินได้เพราะไม่มีส่วนผสมที่เป็นเนื้อสัตว์แม้แต่น้อย,สปาเกตตี,สปาเกตตีผัก
อาหารจำพวกเส้นสปาเกตตีที่คนดูแลสุขภาพควรกินเพราะจะได้รับวิตามินและคาร์โบไฮเดรตที่เป็นพลังงานและเสริมร่างกาย,สปาเกตตี,สปาเกตตีผัก
อาหารสปาเกตตีที่มีผักนานาชนิดเป็นส่วนประกอบหลักของจานนี้,สปาเกตตี,สปาเกตตีผัก
เป็นสปาเกตตีที่เด็กไม่ชอบกินเพราะมีแต่สีเขียวเต็มจานที่มีแต่ผัก,สปาเกตตี,สปาเกตตีผัก
อาหารจำพวกเส้นของอิตาลีที่จะได้โปรตีนมาจากพืชแทนที่จะได้มาจากเนื้อสัตว์,สปาเกตตี,สปาเกตตีผัก
ถ้าต้องการขับถ่ายคล่องแล้วยังต้องการที่จะกินสปาเกตตีที่ดีต่อสุขภาพด้วย,สปาเกตตี,สปาเกตตีผัก
เป็นสปาเกตตีที่ไม่หนักท้องเหมาะสำหรับคนที่ระบบย่อยอาหารหรือย่อยเนื้อสัตว์ไม่ดีควรบริโภค,สปาเกตตี,สปาเกตตีผัก
เนื่องที่บ้านมีแต่อาหารจำพวกผักเพราะมันปลูกง่ายแล้วถ้าต้องการทำอาหารสไตล์อิตาลีจะมีอหารอะไรที่แนะนำได้บ้างไหม อยากกินประเภทเส้นด้วย,สปาเกตตี,สปาเกตตีผัก
มีสีที่แสดงถึงธรรมชาติโดยชัดเจนเพราะมีส่วนผสมของสีเขียวมากมายโดยเป็นสีของคนที่รักสุขภาพชอบรับประทาน,สปาเกตตี,สปาเกตตีผัก
สปาเกตตีที่มีส่วนผสมของซอสซีฟู้ดที่มีรสชาติเค็มเปรี้ยว และเครื่องเทศต่างๆ เช่น พริกไทย ผงกระชาย และขิง ซึ่งช่วยเพิ่มเสถียรภาพของรสชาติให้กับเนื้อสปาเกตตีและผัก,สปาเกตตี,สปาเกตตีผัก
สปาเกตตีที่สดใสและมีรสชาติเข้มข้นของผัก โดยปกติแล้วจะมีผักหลายชนิดเช่น คะน้า ผักกาดขาว ผักชี หอมหัวใหญ่ เป็นต้น,สปาเกตตี,สปาเกตตีผัก
ฉันมีเส้นพาสต้า กับผักหลายอย่างเหลืออยู่เยอะเลยช่วยแนะนำหน่อยว่าฉันเอาไปทำเมนูอะไรกินได้,สปาเกตตี,สปาเกตตีผัก
ฉันชอบกินผักแต่ตอนฉันเบื่อพวกอาหารไทย กับพวกสลัดแล้วมีอะไรที่แนะนำฉันมั้ย,สปาเกตตี,สปาเกตตีผัก
สปาเกตตีที่มีวิตามินที่เยอะมากกว่าเมื่อเทียบกับสปาเกตตีประเภทอื่น ,สปาเกตตี,สปาเกตตีผัก
อาหารต่างชาติที่เป็นเส้นๆ แล้วก็ใส่ผักหลายๆ อย่างลงไปปรุงด้วย,สปาเกตตี,สปาเกตตีผัก
มีทั้งเส้นแบนๆ เส้นกลมๆ ใส่ผัดหลายอย่าง ใส่มะเขือเทศ รสชาติไม่จัดมาก,สปาเกตตี,สปาเกตตีผัก
ฉันอยากรู้ว่าสปาเกตตีที่ใส่ผักรวมเยอะมันเรียกว่าอะไร,สปาเกตตี,สปาเกตตีผัก
ฉันเป็นคนที่ไม่ค่อยกินเนื้อสัตว์เท่าไหร่มีสปาเกตตีอะไรที่แนะนำฉันมั้ย,สปาเกตตี,สปาเกตตีผัก
ช่วยนี้หันมาดูแลสุขภาพเพิ่ม มีเมนูอะไรที่กินง่ายๆ ไม่เผ็ดบ้างมั้ย,สปาเกตตี,สปาเกตตีผัก
อยากได้เมนูที่ดีต่อสุขภาพ เเต่ก็ยังได้ความสนุกและความอร่อยในการกินอยู่,สปาเกตตี,สปาเกตตีผัก
สปาเกตตีที่เหมาะกับคนที่ไม่กินเนื้อสัตว์,สปาเกตตี,สปาเกตตีผัก
อยากได้เมนูที่มีแป้ง และก็มีผักเยอะๆ ที่เคี้ยวง่ายๆ ไม่ต้องออกแรงเยอะ,สปาเกตตี,สปาเกตตีผัก
ฉันเบื่อพวกสปาเกตตีที่ใส่พวกเนื้อสัตว์แล้วเลยอยากเปลี่ยนอารมณ์บ้างช่วยและแนะนำสปาเกตตีอย่างอื่นให้หน่อย,สปาเกตตี,สปาเกตตีผัก
สปาเกตตีที่มีรสชาติของทะเล เค็มๆ และมีรสชาติหวานจากกุ้ง บางร้านอาจจะผัดใส่พริกไทย ทำให้มีรสชาติพริกไทยตีขึ้นมาหน่อย,สปาเกตตี,สปาเกตตีทะเล
อาหารที่ความรู้สึกเมื่อกินคำแรก จะได้เส้นสปาเกตตีนุ่มๆ ที่ตัดกับกุ้งกรุบๆ และมีความฉุนของพริกไทยขึ้นมาหน่อย ขั้นแรก นำเส้นมาต้ม ,สปาเกตตี,สปาเกตตีทะเล
สปาเกตตีสีเหลืองและมีสีกุ้งขาวๆส้มๆอยู่รวมด้วย นอกจากนี้ยังมีสีเขียวของผักรวมอยู่ด้วยนิดหน่อย มาจากประเทศแถบยุโรปคาร์โบไฮเดรตเป็นหลัก และมีโปรตีนนิดหน่อย,สปาเกตตี,สปาเกตตีทะเล
มีคาร์โบไฮเดรตจากเส้นและโปรตีนจากพวกกุ้ง ปลาหมึก ผัดกับพริกและกระเทียม มีรสเผ็ด เค็มๆ หวานเล็กน้อย ,สปาเกตตี,สปาเกตตีทะเล
สปาเกตตีที่ไปผัดกับอาหารทะเลพวกกุ้งและปลาหมึกทำให้ได้รับรสชาติของสดใหม่ของทะเล มีความเค็มและหวาน มีรสเผ็ดที่มาจากพริก ,สปาเกตตี,สปาเกตตีทะเล
เป็นอาหารที่มีที่มาจากอิตาลีแต่ถูกปรับแต่งขึ้นใหม่ในไทย ประกอบไปด้วยรสชาติที่เผ็ดละมีสัตว์ทะเลเป็นส่วนประกอบ,สปาเกตตี,สปาเกตตีทะเล
อาหารอิตาลี มีเส้นสปาเกตตี มีกุ้งขาวกับกับซอสครีมที่ผสมอย่างลงตัว มีเส้นและกุ้งเป็นหลัก,สปาเกตตี,สปาเกตตีทะเล
สปาเกตตีที่ให้รสชาติเผ็ดข้มข้นมีกุ้งและหมึกในพริกไทยอ่อนมีวิตามิน จากนั้นให้นำกุ้งไปผัดรวมกับเส้นและใส่เครื่องปรุงนิด ,สปาเกตตี,สปาเกตตีทะเล
เป็นเมนูดส้นที่ทำง่าย แต่มากไปด้วยสรรพคุณที่แสนจะโดดเด่นและเป็นอาหารที่เผ็ดร้อนถือเป็นตัวช่วยในการเสริมสร้างภูมิคุ้มกัน,สปาเกตตี,สปาเกตตีทะเล
สปาเกตตีที่ผสมผสานระหว่างอาหารอิตาเลียนและอาหารไทย รสชาติเผ็ดร้อนจัดจ้าน มีพริกกระเทียมลงไปผัดจนหอม ,สปาเกตตี,สปาเกตตีทะเล
เส้นสปาเกตตีทมี่มีสีสันสดใสประกอบไปด้วยผักและเนื้อหมู เนื้อกุ้ง และปลาหมึกลงไปผัด ,สปาเกตตี,สปาเกตตีทะเล
อาหารสายเส้นบ้างเป็นเมนูซีฟู้ดสุดจัดจ้าน มีความนัวมันของเมนูแบบครีม เมนูอาหารสไตล์ฟิวชั่น รสชาติเข้มข้นจัดจ้านสไตล์ไทย ๆ อร่อยเคลือบเส้น,สปาเกตตี,สปาเกตตีทะเล
ไปเที่ยวทะเล พอจะหาเมนูที่เกี่ยวกับซีฟู๊ด โดยมีความเป็นอาหารต่างชาติ แต่มีรสชาติเผ็ดแบบไทยๆ พอมีไอเดียหรือไม่,สปาเกตตี,สปาเกตตีทะเล
สปาเกตตีสีเหลืองและม๊กุ้งหรือปลาผสมอยู่ นอกจากนี้ยังมีสีเขียวของผักเล็กน้อย มาจากประเทศแถบยุโรป มีคาร์โบไฮเดรตเป็นหลัก และมีโปรตีนนิดหน่อย,สปาเกตตี,สปาเกตตีทะเล
อยากกินโปรตีนที่ได้จากพวกกุ้ง ปลาหมึก ผัดกับพริกและกระเทียม มีรสเผ็ด เค็มๆ หวานเล็กน้อย มีความสดชื่นตอนกิน,สปาเกตตี,สปาเกตตีทะเล
นำเส้นไปผัดกับอาหารทะเลพวกกุ้งและปลาหมึกทำให้ได้รับรสชาติของทะเล มีความเค็มและหวาน มีรสเผ็ดที่มาจากพริก ,สปาเกตตี,สปาเกตตีทะเล
เป็นอาหารฟิวชันระหว่างอิตาลีกับไทบ ประกอบไปด้วยรสชาติที่เผ็ดเล็กน้อย มีเส้นเป็นวัตถุดิบหลักสัตว์ทะเลเป็นวัตถุดิบรอง,สปาเกตตี,สปาเกตตีทะเล
อยากกินอาหารทะเล ประเภทแป้งที่เป็นเส้น มีความเหนียวหนึบ อาจจะมีซอสซีฟู๊ดเป็นเครื่องเคียงด้วย,สปาเกตตี,สปาเกตตีทะเล
สปาเกตตีที่มีสีส้มสลับขาวจากตัวกุ้ง สีเหลืองจะเส้นพาสต้า สีขาวล้วนจากปลาหมึก สีเขียวจากผัก และสีเขียวปนแดงจากซอสราด,สปาเกตตี,สปาเกตตีทะเล
รสชาติของสปาเกตตีมีความเผ็ดเล็กน้อยจากพริกชี้ฟ้า เสริมด้วยอาหารทะเล อาทิเช่น กุ้ง หอย ปู ปลา ,สปาเกตตี,สปาเกตตีทะเล
กลิ่่นอาหารทะเลลอยมา ทำให้อยากกินพวกซีฟู๊ด เช่น กุ้ง ปลา อยากกินคู่กับแป้ง เช่น ข้าวหรือเส้นก็ได้ มีความเปรี้ยวเผ็ด,สปาเกตตี,สปาเกตตีทะเล
เส้นสปาเกตตีที่มีความหลากหลายของสีจากวัตถุดิบต่างๆ มีรสชาติออกเปรี้ยวเค็ม ,สปาเกตตี,สปาเกตตีทะเล
อาหารสายเส้นประกอบกับเมนูซีฟู้ดสุดจัดจ้าน มีความมันจากครีม เมนูอาหารสไตล์ฟิวชัน รสชาติเข้มข้นตามแบบของไทย,สปาเกตตี,สปาเกตตีทะเล
สปาเกตตีที่เป็นอาหารที่มีรสชาติเข้มข้นและความหอมของซอสที่ผสมผสานกับรสชาติเค็มของทางทะเล ทำให้นึกถึงมหาสมุทรทันทีเมื่อได้กิน,สปาเกตตี,สปาเกตตีทะเล
อาหารจำพวกเส้นที่มาจากอิตาเลียน-อเมริกัน ผู้ใหญ่สามารถกินได้และมีเนื้อสัตว์ทะเลเป็นจุดเด่น,สปาเกตตี,สปาเกตตีทะเล
อาหารสปาเกตตีที่มีกุ้ง หอย ปลา หรือสัตว์ที่มาจากทะเลเป็นส่วนประกอบหลักของจานนี้,สปาเกตตี,สปาเกตตีทะเล
รสชาติของสปาเกตตีมีความเข้มข้น รสชาติเค็มและเปรี้ยวจากซอส ส่วนกลิ่นและรสชาติของทางทะเลมีความหอม,สปาเกตตี,สปาเกตตีทะเล
สปาเกตตีที่เป็นอาหารที่มีรสชาติเข้มข้นและความหอมของซอสที่ผสมผสานกับรสชาติเค็มของทางทะเล,สปาเกตตี,สปาเกตตีทะเล
ส่วนประกอบที่เป็นเนื้อทะเลโดยจะประกอบไปด้วยหอยนางรม กุ้ง ปลาหมึก หรืออาหารทะเลอื่นๆ,สปาเกตตี,สปาเกตตีทะเล
สปาเกตตีที่ให้ความรู้สึกเหมือนท่องอยู่ในทะเลเมื่อกินเข้าไปในคำแรก แล้วคำต่อไปเหมือนกับเราไปว่ายน้ำในทะเลจริงๆ,สปาเกตตี,สปาเกตตีทะเล
ถ้าพูดถึงสปาเกตตีที่มีส่วนผสมของทำเลแล้วให้รสชาติสัมผัสของทะเลด้วยนึกถึงสปาเกตตีอะไร,สปาเกตตี,สปาเกตตีทะเล
อาหารจะพวกเส้นที่ได้รับสารอาหารที่ไม่ได้มาจากเนื้อสัตว์จำพวก หมู เนื้อ ไก่ เบคอน ไส้กรอก แต่มาจากสัตว์น้ำ,สปาเกตตี,สปาเกตตีทะเล
สปาเกตตีที่มีสีหลากหลายอยู่ในจานเดียวคือสีแดงสลับขาวจากตัวกุ้ง สีเหลืองจะเส้นพาสต้า สีขาวล้วนจากปลาหมึก สีเขียวจากผัก,สปาเกตตี,สปาเกตตีทะเล
รสชาติของสปาเกตตีมีความเผ็ดเล็กน้อยจากพริกชี้ฟ้าและรสชาติของผักเคียงและมีรสชาติจากทะเลด้วย,สปาเกตตี,สปาเกตตีทะเล
การเตรียมส่วนผสมและการปรุงรสของสปาเกตตีเป็นเรื่องซับซ้อน ซึ่งต้องใช้เทคนิคการปรุงรสแบบชาวตะวันตกที่ต้องการความเข้มข้นและสมดุลในรสชาติของทะเล เส้นพาสต้า และซอส,สปาเกตตี,สปาเกตตีทะเล
สปาเกตตีที่ให้ความรู้สึกร้อนๆ และปลุกจากความง่วงด้วยรสชาติของพริกและควาเปรี่ยวและได้ความอิ่มจากเส้นพาสต้าและเนื้อของสัตว์ทะเล,สปาเกตตี,สปาเกตตีทะเล
อยากกินอาหารทะเลที่มีเส้นพาสต้ามีตัวเลือกอะไรให้ฉันมั้ย,สปาเกตตี,สปาเกตตีทะเล
อาหารที่เป็นเส้นๆ ที่ใช้ของทะเลเช่น หอย กุ้ง ปลาหมึก ,สปาเกตตี,สปาเกตตีทะเล
ฉันมีกุ้ง หอย หมึก แล้วก็เส้นพาสต้า แนะนำหน่อยว่าฉันเอาไปทำอะไรดี,สปาเกตตี,สปาเกตตีทะเล
เส้นสปาเกตตีนุ่มๆ มีกุ้ง หอย ปลาหมึกเป็นเนื้อสัตว์ มีกลิ่นเฉพาะที่เป็นเอกลักษณ์,สปาเกตตี,สปาเกตตีทะเล
อาหารอิตาลี มีเส้น มีกุ้ง หอย คลุกด้วยซอสครีมที่ผสมรสและกลิ่นอย่างลงตัว,สปาเกตตี,สปาเกตตีทะเล
อยากกินสปาเกตตี ที่ใส่กุ้ง ใส้หมึกช่วยแนะนำหน่อย,สปาเกตตี,สปาเกตตีทะเล
อยากกินอะไรเส้นๆ ที่ทำให้นึกไปท้องทะเล,สปาเกตตี,สปาเกตตีทะเล
เมนูที่เอาเส้นพาสต้ามาผัดกับของทะเลแล้วแล้วก็ใส่พวกพริกไทยอ่อน พริกแดงลงไปด้วย,สปาเกตตี,สปาเกตตีทะเล
สปาเกตตีที่มีสีแดง และเขียวตัดกับ สีของเส้นที่เป็นสีครีมๆ มันชื่อว่าเมนูอะไร,สปาเกตตี,สปาเกตตีทะเล
ฉันอยากกินสปาเกตตีแต่ฉันเบื่อพวกเนื้อ หมู ไก่แล้วช่วยแนะนำเมนูให้ฉันหน่อย,สปาเกตตี,สปาเกตตีทะเล
สปาเกตตีที่กลิ่นและรสชาติที่จัดจ้านเป็นเอกลักษณ์ ,สปาเกตตี,สปาเกตตีทะเล
สปาเกตตีที่ให้รสชาติเผ็ดจัดจ้าน มีกุ้ง มีหมึก มีหอย และยังใส่พวกพริกไทยอ่อน,สปาเกตตี,สปาเกตตีทะเล